Video,CellID,Subtype,StartFrame,EndFrame,StartTimeSec,EndTimeSec,DurationSec,CompletionStatus,MeanChangeScore,MaxChangeScore,MeanSubtypeDelta,MeanShapeDelta,MeanTextureDelta,MeanHistDelta,StableFramesRequired,ChangeThreshold,ScoreMode,MinDurationSec,EndpointSubtypeProb
V1,2.0,semi_sickled,376,397.0,94.0,99.25,5.25,completed,0.02196517045667861,0.05251397296087817,0.04217089426058989,0.010883449026061079,0.006298347000175944,0.004002497746394231,6,0.05,probability,0,0.8383928537368774
V1,4.0,final_sickled,174,175.0,43.5,43.75,0.25,completed,0.011337755160639063,0.017232634651008993,0.016070704131076734,0.010842540922264257,0.005315599264577031,0.00360107421875,6,0.05,probability,0,0.9718335270881653
V1,5.0,semi_sickled,151,152.0,37.75,38.0,0.25,completed,0.008720934637434159,0.01375345087144524,0.011601480344931284,0.00763294764328748,0.005461974224696557,0.005808512369791667,6,0.05,probability,0,0.6817356944084167
V1,6.0,semi_sickled,109,125.0,27.25,31.25,4.0,completed,0.02969958765593002,0.09697953574359416,0.046028622559138706,0.028243454794089,0.006395845418973338,0.00482759021577381,6,0.05,probability,0,0.7304282784461975
V1,7.0,semi_sickled,473,474.0,118.25,118.5,0.25,completed,0.012804043671050562,0.023442369240980882,0.015751993594070274,,0.005539271611875544,0.0106353759765625,6,0.05,probability,0,0.9418861269950867
V1,9.0,semi_sickled,236,237.0,59.0,59.25,0.25,completed,0.012907119179241514,0.025369866937398913,0.020016676435867947,0.011314767917307714,0.0031277074206930897,0.00439453125,6,0.05,probability,0,0.640991747379303
V1,11.0,semi_sickled,228,241.0,57.0,60.25,3.25,completed,0.02013142172654625,0.039884108892874796,0.036984283890989095,0.0115984446537267,0.006338419961846537,0.003887600368923611,6,0.05,probability,0,0.5067051649093628
V1,12.0,final_sickled,213,221.0,53.25,55.25,2.0,completed,0.018080416512272605,0.0607114490121603,0.031009199527593758,0.012472850422804745,0.005416951939248695,0.005072960486778846,6,0.05,probability,0,0.9001150131225586
V1,13.0,semi_sickled,370,388.0,92.5,97.0,4.5,completed,0.021696148914128098,0.05184429213404656,0.03668433298235354,0.016936627925252138,0.004627606573352671,0.004129161005434783,6,0.05,probability,0,0.7255265116691589
V1,14.0,semi_sickled,323,324.0,80.75,81.0,0.25,completed,0.011198974083041928,0.014874262502416968,0.01550571620464325,0.011623094983709356,0.0030851662352991602,0.004343668619791667,6,0.05,probability,0,0.6643306016921997
V1,15.0,final_sickled,55,56.0,13.75,14.0,0.25,completed,0.018052161044518775,0.02583514768630266,0.023632458100716274,0.02006215349926303,0.0075890785083174706,0.005030314127604167,6,0.05,probability,0,0.8663363456726074
V1,19.0,semi_sickled,320,361.0,80.0,90.25,10.25,completed,0.021521696718517214,0.06737938701407983,0.037615160579266754,0.015619750144769963,0.004375142259168965,0.003694617229959239,6,0.05,probability,0,0.6512542366981506
V1,21.0,final_sickled,193,197.0,48.25,49.25,1.0,completed,0.018085085993740133,0.05859746075629328,0.02737392485141754,0.005977574735879898,0.002452586557612651,0.003760443793402778,6,0.05,probability,0,0.5768303275108337
V1,23.0,final_sickled,103,104.0,25.75,26.0,0.25,completed,0.009464441195693021,0.01684007146395743,0.016346776237090428,0.005886660219402984,0.0038358353388806186,0.0030873616536458335,6,0.05,probability,0,0.8515459895133972
V1,25.0,semi_sickled,188,241.0,47.0,60.25,13.25,completed,0.025179487048519838,0.06493706665933133,0.04911743387066085,0.012631427296959185,0.005123190672120786,0.0037689208984375,6,0.05,probability,0,0.5270358920097351
V1,27.0,final_sickled,284,285.0,71.0,71.25,0.25,completed,0.010451715416274966,0.0182775168097578,0.016396983216206234,0.007078117108903825,0.006243472375596563,0.0050811767578125,6,0.05,probability,0,0.9332660436630249
V1,28.0,final_sickled,155,157.0,38.75,39.25,0.5,completed,0.01458768036100082,0.027884728007484226,0.019348553248814175,0.014664523370031799,0.0064186269217836,0.007306780133928571,6,0.05,probability,0,0.6946551203727722
V1,30.0,final_sickled,478,,119.5,,,not_completed,0.01788091730559245,0.01788091730559245,0.03771746903657913,0.004852915648370981,0.00540634011849761,0.00335693359375,6,0.05,probability,0,0.8505121469497681
V1,31.0,final_sickled,215,216.0,53.75,54.0,0.25,completed,0.010009618075855542,0.013877268374199048,0.01791984774172306,0.0043482298497110605,0.004632891834868739,0.005925496419270833,6,0.05,probability,0,0.6622825860977173
V1,33.0,semi_sickled,234,240.0,58.5,60.0,1.5,completed,0.023307094696528193,0.0681185276247561,0.041414396329359573,0.015637531537901272,0.006142249627208168,0.004003351384943182,6,0.05,probability,0,0.5951128602027893
V1,34.0,final_sickled,177,181.0,44.25,45.25,1.0,completed,0.016700466521433557,0.02721046672668308,0.026870489948325686,0.012543529582520327,0.0067250683981304364,0.005771213107638889,6,0.05,probability,0,0.8477322459220886
V1,35.0,final_sickled,143,144.0,35.75,36.0,0.25,completed,0.008360953033358478,0.014257698226720093,0.007531644466022651,0.010468608738544086,0.007757297872255246,0.005716959635416667,6,0.05,probability,0,0.9140472412109375
V1,36.0,final_sickled,266,267.0,66.5,66.75,0.25,completed,0.009088630619226023,0.013148650247603654,0.011143241077661514,0.009609542709464828,0.0049305343224356575,0.005213419596354167,6,0.05,probability,0,0.7566503286361694
V1,37.0,final_sickled,138,139.0,34.5,34.75,0.25,completed,0.016686547803692522,0.025957704323809595,0.0272175216426452,0.013164109084755182,0.00496425728003184,0.004572550455729167,6,0.05,probability,0,0.806889533996582
V1,38.0,semi_sickled,370,381.0,92.5,95.25,2.75,completed,0.021321629935118838,0.05510270668892191,0.04105309024453163,0.011204552145500202,0.004112982205697335,0.0037174224853515625,6,0.05,probability,0,0.8561767339706421
V1,39.0,final_sickled,149,153.0,37.25,38.25,1.0,completed,0.017408045155169676,0.03593895547674038,0.029633711609575484,0.013143185494900381,0.0037869590192308854,0.003848605685763889,6,0.05,probability,0,0.6597968339920044
V1,41.0,semi_sickled,285,329.0,71.25,82.25,11.0,completed,0.0247779342565657,0.059820210468024014,0.04552798672598236,0.015533039863672753,0.005467734231889172,0.003573670679209184,6,0.05,probability,0,0.8666437864303589
V1,42.0,final_sickled,237,248.0,59.25,62.0,2.75,completed,0.013312558154393628,0.029846066428581255,0.024833665695041418,0.007078006168740103,0.003803978383075446,0.00341033935546875,6,0.05,probability,0,0.5483647584915161
V1,44.0,final_sickled,190,191.0,47.5,47.75,0.25,completed,0.013443470687343508,0.018695053760893643,0.012677752102414766,0.018753679367364384,0.009850329719483852,0.004618326822916667,6,0.05,probability,0,0.8340429067611694
V1,45.0,final_sickled,287,288.0,71.75,72.0,0.25,completed,0.010694266534604443,0.015169541200157255,0.011165793985128403,0.014688360000339648,0.00436268742972364,0.00433349609375,6,0.05,probability,0,0.7053924798965454
V1,48.0,semi_sickled,183,184.0,45.75,46.0,0.25,completed,0.014853895505560407,0.020451033225981522,0.02220892161130905,0.013908206019550562,0.0039368255335527165,0.0048828125,6,0.05,probability,0,0.7557913661003113
V1,51.0,final_sickled,94,95.0,23.5,23.75,0.25,completed,0.01494671457427709,0.02250318699516356,0.020901633736987908,0.015530219359789044,0.0054349535300085945,0.0037689208984375,6,0.05,probability,0,0.9559585452079773
V1,52.0,final_sickled,199,205.0,49.75,51.25,1.5,completed,0.023245456572410395,0.1384371556341648,0.029788664118810135,0.02872454502027143,0.005228513132103465,0.004982688210227273,6,0.05,probability,0,0.6990560293197632
V1,53.0,final_sickled,100,101.0,25.0,25.25,0.25,completed,0.005371965790012231,0.009921986039262264,0.007240209107597669,0.004973689443431795,0.003698719898238778,0.0021820068359375,6,0.05,probability,0,0.9170433282852173
V1,54.0,semi_sickled,306,309.0,76.5,77.25,0.75,completed,0.014409852410608437,0.02867240256164223,0.023998375982046127,0.00955133800744079,0.007433476508595049,0.004306793212890625,6,0.05,probability,0,0.5780118107795715
V1,55.0,semi_sickled,225,227.0,56.25,56.75,0.5,completed,0.016499241553745898,0.029678968526422978,0.02494012032236372,0.014850484057595688,0.006174783554992506,0.004429408482142857,6,0.05,probability,0,0.7992895245552063
V1,57.0,final_sickled,104,105.0,26.0,26.25,0.25,completed,0.006807065020014609,0.013821360375732183,0.004159320145845413,0.011885688353989584,0.004296211661615719,0.003570556640625,6,0.05,probability,0,0.9695640802383423
V1,59.0,semi_sickled,223,224.0,55.75,56.0,0.25,completed,0.014207993822249895,0.02509289513109252,0.024049847076336544,0.00987122537723432,0.003922796963403623,0.0051422119140625,6,0.05,probability,0,0.7744695544242859
V1,62.0,final_sickled,194,214.0,48.5,53.5,5.0,completed,0.020546468763670417,0.05018812789348885,0.03559708297252655,0.015043146540410817,0.0044962801435031,0.003843994140625,6,0.05,probability,0,0.7942022085189819
V1,64.0,final_sickled,156,163.0,39.0,40.75,1.75,completed,0.016000651157446557,0.030321524443570527,0.029560980076591175,0.008948069182224572,0.004027069473522715,0.004328409830729167,6,0.05,probability,0,0.6508640050888062
V1,66.0,final_sickled,131,132.0,32.75,33.0,0.25,completed,0.008017069573543268,0.015952971880324185,0.013932411248485247,0.005107715531873207,0.002163875450302536,0.0030873616536458335,6,0.05,probability,0,0.9426838755607605
V1,67.0,final_sickled,211,255.0,52.75,63.75,11.0,completed,0.05175670182537089,0.1336129116360098,0.09432828958545413,0.03432878072026699,0.008894678052753562,0.007187823860012755,6,0.05,probability,0,0.6755694150924683
V1,76.0,semi_sickled,175,180.0,43.75,45.0,1.25,completed,0.023742803289787846,0.05973589360364713,0.04292316883802414,0.015219164220616222,0.005335954343900084,0.004638671875,6,0.05,probability,0,0.6030024290084839
V1,78.0,final_sickled,125,128.0,31.25,32.0,0.75,completed,0.015306884072742832,0.030353385070338846,0.026406201999634504,0.010513970104511827,0.003839291042822879,0.00467681884765625,6,0.05,probability,0,0.940570056438446
V1,80.0,semi_sickled,302,303.0,75.5,75.75,0.25,completed,0.009162931367366884,0.014394915394950657,0.013587200393279394,0.007986176409758627,0.003709453623741865,0.003753662109375,6,0.05,probability,0,0.5505404472351074
V1,82.0,final_sickled,135,141.0,33.75,35.25,1.5,completed,0.014253878706420602,0.03526767396833748,0.022361596876924687,0.012109692547131668,0.005487279447896237,0.003079501065340909,6,0.05,probability,0,0.928624153137207
V1,84.0,semi_sickled,183,201.0,45.75,50.25,4.5,completed,0.018281871138732756,0.06657031822251155,0.03380315848018812,0.01061024848351498,0.004308040370233357,0.004068125849184783,6,0.05,probability,0,0.7977811098098755
V1,85.0,semi_sickled,215,225.0,53.75,56.25,2.5,completed,0.020642016279452943,0.049146226188167934,0.0382729172706604,0.011482030696546039,0.006000576467098047,0.0045125325520833336,6,0.05,probability,0,0.7200735211372375
V1,87.0,semi_sickled,218,230.0,54.5,57.5,3.0,completed,0.02053262472139014,0.041509391978615896,0.03655078393571517,0.013231363003690015,0.005516857853816713,0.004733814912683824,6,0.05,probability,0,0.5040217638015747
V1,88.0,final_sickled,145,154.0,36.25,38.5,2.25,completed,0.020682688098930247,0.045355809619650245,0.04220975562930107,0.013212424162442662,0.004428158905024507,0.004832676478794643,6,0.05,probability,0,0.758594274520874
V1,91.0,semi_sickled,335,336.0,83.75,84.0,0.25,completed,0.012506337663702044,0.01936885343166068,0.017259834955135982,0.012505302942978839,0.005089415392527978,0.0047149658203125,6,0.05,probability,0,0.5678059458732605
V1,92.0,semi_sickled,174,178.0,43.5,44.5,1.0,completed,0.02125981218899445,0.05258648352464661,0.03205486966503991,0.02013241856669386,0.005757658005071183,0.005374484592013889,6,0.05,probability,0,0.6933088898658752
V1,93.0,final_sickled,81,82.0,20.25,20.5,0.25,completed,0.006612122690178998,0.017906734929420055,0.010186406628539165,0.004795901205701132,0.003581144759664312,0.0032908121744791665,6,0.05,probability,0,0.9815017580986023
V1,98.0,final_sickled,172,179.0,43.0,44.75,1.75,completed,0.019119188721500296,0.03148568960605189,0.030980519329508144,0.015591601356087873,0.005607158716884442,0.004552205403645833,6,0.05,probability,0,0.7553456425666809
V1,99.0,semi_sickled,301,304.0,75.25,76.0,0.75,completed,0.015696211720205612,0.03427726291120053,0.029076818376779556,0.006856047810288146,0.007261572434799746,0.00606536865234375,6,0.05,probability,0,0.687125563621521
V1,100.0,semi_sickled,186,187.0,46.5,46.75,0.25,completed,0.017666018145973798,0.028978062374517326,0.025786350170771282,0.0157884352762873,0.008927936316467822,0.00567626953125,6,0.05,probability,0,0.5049704313278198
V1,102.0,semi_sickled,300,301.0,75.0,75.25,0.25,completed,0.012184027111410008,0.018279818634619006,0.02176724250117938,0.00706889452218699,0.003685553868611654,0.004338582356770833,6,0.05,probability,0,0.7661033868789673
V1,104.0,semi_sickled,185,186.0,46.25,46.5,0.25,completed,0.017400817622547037,0.02526277017313987,0.03284087032079697,0.00917000820239385,0.004385981359519064,0.004053751627604167,6,0.05,probability,0,0.8567191958427429
V1,107.0,final_sickled,149,152.0,37.25,38.0,0.75,completed,0.02447311515270485,0.11477879921440036,0.04679563455283642,0.01323490087816026,0.004964291973010404,0.004016876220703125,6,0.05,probability,0,0.6614300012588501
V1,109.0,semi_sickled,216,217.0,54.0,54.25,0.25,completed,0.008816226671721475,0.021373794798273595,0.01144266128540039,0.009081346933574727,0.0035772820313771567,0.004908243815104167,6,0.05,probability,0,0.5150554180145264
V1,110.0,semi_sickled,382,383.0,95.5,95.75,0.25,completed,0.014058242299749205,0.023689635962364265,0.022584026058514912,0.011623814158762494,0.0036067962646484375,0.0040435791015625,6,0.05,probability,0,0.7816067934036255
V1,113.0,semi_sickled,203,207.0,50.75,51.75,1.0,completed,0.0155938001045595,0.036253837682306764,0.022431457208262548,0.015649462248095207,0.004705849595160948,0.004445393880208333,6,0.05,probability,0,0.6781724095344543
V1,114.0,final_sickled,143,157.0,35.75,39.25,3.5,completed,0.03155890508803025,0.06565551746170968,0.05424418261176661,0.023574787412623043,0.006515127269698209,0.006365324321546052,6,0.05,probability,0,0.7691279649734497
V1,116.0,final_sickled,172,187.0,43.0,46.75,3.75,completed,0.023464450989886244,0.05988098997622729,0.041085457801818846,0.016570989933097736,0.006106493699189741,0.00373687744140625,6,0.05,probability,0,0.5116389393806458
V1,118.0,final_sickled,121,130.0,30.25,32.5,2.25,completed,0.02330600495240236,0.04012285366188735,0.044142660817929676,0.012570143515144341,0.005777157897162917,0.004217965262276786,6,0.05,probability,0,0.7331511378288269
V1,120.0,final_sickled,280,281.0,70.0,70.25,0.25,completed,0.006564765298632362,0.011800723070336971,0.010106409589449564,0.004964884137734771,0.0033106447760170945,0.0029652913411458335,6,0.05,probability,0,0.6510430574417114
V1,121.0,final_sickled,193,206.0,48.25,51.5,3.25,completed,0.022650590028044666,0.039743740617996084,0.035801086160871715,0.020379464859919,0.005408007224711279,0.004170735677083333,6,0.05,probability,0,0.681361973285675
V1,122.0,final_sickled,222,229.0,55.5,57.25,1.75,completed,0.021190478172987543,0.05157622238039039,0.030570077399412792,0.022280005204568926,0.004445466290538509,0.004870096842447917,6,0.05,probability,0,0.5286591053009033
V1,124.0,final_sickled,180,181.0,45.0,45.25,0.25,completed,0.015572880103961023,0.023765500250738116,0.027182841052611668,0.009807844995521009,0.005639726965455338,0.004496256510416667,6,0.05,probability,0,0.7001221179962158
V1,125.0,semi_sickled,324,346.0,81.0,86.5,5.5,completed,0.017590060927452415,0.05288553884602152,0.034304633184715556,0.00861805962415895,0.003093080030305794,0.0037220142505787037,6,0.05,probability,0,0.5507200360298157
V1,126.0,semi_sickled,423,433.0,105.75,108.25,2.5,completed,0.0218250871807686,0.05505274273455143,0.03905154863993327,0.014665619611817723,0.004287338916522761,0.00428466796875,6,0.05,probability,0,0.8563207387924194
V1,127.0,final_sickled,272,293.0,68.0,73.25,5.25,completed,0.02149654841450683,0.048133380677609236,0.03807048528240277,0.014546488815260371,0.004617189692978103,0.004799476036658654,6,0.05,probability,0,0.7314690947532654
V1,128.0,final_sickled,289,290.0,72.25,72.5,0.25,completed,0.01615369724944079,0.02292663515545428,0.028743858138720196,0.009114325570408255,0.0062868189221868915,0.005442301432291667,6,0.05,probability,0,0.6341887712478638
V1,131.0,semi_sickled,405,426.0,101.25,106.5,5.25,completed,0.02376305920249881,0.06411831719451584,0.0456100762463533,0.012343917516633295,0.004929461156000168,0.004659799429086538,6,0.05,probability,0,0.8080894351005554
V1,132.0,final_sickled,242,269.0,60.5,67.25,6.75,completed,0.018877759434235485,0.05516267167404294,0.03314213058911264,0.013021910453971941,0.004608241386449663,0.0038976669311523438,6,0.05,probability,0,0.8590661883354187
V1,133.0,final_sickled,152,169.0,38.0,42.25,4.25,completed,0.021860800070002868,0.06416284601436928,0.03941726887767965,0.01420771838456858,0.005333775389854881,0.0036357532848011365,6,0.05,probability,0,0.5242940783500671
V1,134.0,final_sickled,195,217.0,48.75,54.25,5.5,completed,0.032696237334231326,0.16695129349827767,0.05835271737089864,0.022787095228624012,0.006589682005276835,0.004447654441550926,6,0.05,probability,0,0.9480803608894348
V1,135.0,final_sickled,104,105.0,26.0,26.25,0.25,completed,0.007431409853112805,0.016859282174846158,0.01260372685889403,0.004572972694101433,0.003217495153270041,0.0030975341796875,6,0.05,probability,0,0.9483075141906738
V1,138.0,final_sickled,307,308.0,76.75,77.0,0.25,completed,0.01256262020857927,0.021684905246365814,0.021836566428343456,0.00869630285887979,0.0027698658717175326,0.0035044352213541665,6,0.05,probability,0,0.7671829462051392
V1,139.0,semi_sickled,256,263.0,64.0,65.75,1.75,completed,0.01904091934799605,0.03686337958788499,0.035515716609855495,0.010937388452778881,0.004375005800587435,0.0036773681640625,6,0.05,probability,0,0.7134935259819031
V1,140.0,final_sickled,165,166.0,41.25,41.5,0.25,completed,0.01179801963104789,0.01881412621587515,0.01747431606054306,0.009719127362283567,0.006222474912647158,0.005030314127604167,6,0.05,probability,0,0.717703104019165
V1,141.0,final_sickled,99,105.0,24.75,26.25,1.5,completed,0.01796992139689709,0.06001129874493927,0.028499803082509476,0.014658037975261157,0.006720686564221978,0.004796808416193182,6,0.05,probability,0,0.9513785243034363
V1,143.0,semi_sickled,219,247.0,54.75,61.75,7.0,completed,0.01986827965385711,0.05361495530232787,0.03807524817459511,0.010864660956995618,0.00404785859758373,0.0026365337949810605,6,0.05,probability,0,0.5861836671829224
V1,145.0,final_sickled,153,154.0,38.25,38.5,0.25,completed,0.011156727523969796,0.023937051778193566,0.01769394241273403,0.008558060935077568,0.004108255923104783,0.0045623779296875,6,0.05,probability,0,0.8561508059501648
V1,148.0,final_sickled,100,101.0,25.0,25.25,0.25,completed,0.008561963103905631,0.013157371338456868,0.009046736794213453,0.011017392370073745,0.004170674365013838,0.004526774088541667,6,0.05,probability,0,0.9202272295951843
V1,149.0,semi_sickled,156,166.0,39.0,41.5,2.5,completed,0.01603081889009142,0.03068278207210824,0.03031382660071055,0.008040408634891113,0.00490225752388748,0.003826904296875,6,0.05,probability,0,0.5464985966682434
V1,151.0,semi_sickled,180,197.0,45.0,49.25,4.25,completed,0.02072542637804211,0.045995115768164396,0.039783674546263435,0.010138869388108353,0.005323881399817765,0.004782936789772727,6,0.05,probability,0,0.5994870662689209
V1,152.0,semi_sickled,327,333.0,81.75,83.25,1.5,completed,0.015558206558092603,0.030756323860259727,0.025276245718652553,0.012488656359809365,0.0037666820862796158,0.004846746271306818,6,0.05,probability,0,0.6997112035751343
V1,153.0,semi_sickled,188,194.0,47.0,48.5,1.5,completed,0.017689242222431033,0.040351996623212476,0.03167284618724476,0.010940772079100663,0.0036506472070786085,0.005876020951704545,6,0.05,probability,0,0.8184589147567749
V1,155.0,final_sickled,133,134.0,33.25,33.5,0.25,completed,0.014849582679711181,0.02238096246146597,0.024032212793827057,0.012285755128072543,0.0033125579357147217,0.004180908203125,6,0.05,probability,0,0.7189416885375977
V1,156.0,final_sickled,136,138.0,34.0,34.5,0.5,completed,0.014367543498519809,0.032488389429636305,0.02144933385508401,0.01164761558175087,0.0065175251636121955,0.007171630859375,6,0.05,probability,0,0.872340202331543
V1,159.0,final_sickled,269,291.0,67.25,72.75,5.5,completed,0.030016971857198597,0.1639113021781668,0.05406943763847704,0.020320678637492366,0.005882178135733638,0.00433349609375,6,0.05,probability,0,0.5773954391479492
V1,161.0,semi_sickled,209,220.0,52.25,55.0,2.75,completed,0.027786142868990282,0.11700041049625726,0.048811683896929026,0.019360628926733625,0.006510899736895226,0.00537109375,6,0.05,probability,0,0.7583193182945251
V1,162.0,final_sickled,93,94.0,23.25,23.5,0.25,completed,0.012096022646680164,0.023190020793117584,0.01497552233437697,0.01367756239293764,0.0069584333105012774,0.0035909016927083335,6,0.05,probability,0,0.9659676551818848
V1,163.0,semi_sickled,170,183.0,42.5,45.75,3.25,completed,0.027047921598002886,0.064692118804669,0.05209004051155514,0.014383460640803807,0.004274255175712622,0.005147298177083333,6,0.05,probability,0,0.6554588079452515
V1,164.0,final_sickled,256,265.0,64.0,66.25,2.25,completed,0.021779129082006965,0.0491709501715377,0.0375412181019783,0.014025778897727529,0.005130256941941168,0.004900251116071429,6,0.05,probability,0,0.5615451335906982
V1,165.0,final_sickled,112,114.0,28.0,28.5,0.5,completed,0.010252878764211867,0.03364080898463726,0.01942888753754752,0.004894372408411333,0.0033430897165089846,0.002803257533482143,6,0.05,probability,0,0.8591253161430359
V1,166.0,final_sickled,151,154.0,37.75,38.5,0.75,completed,0.02830318679334596,0.04435471615288407,0.04219408705830574,0.028481185261625797,0.0058930894592776895,0.005764007568359375,6,0.05,probability,0,0.8327919840812683
V1,168.0,semi_sickled,184,185.0,46.0,46.25,0.25,completed,0.011850064391425502,0.01912535990122706,0.018069395174582798,0.01016423296338568,0.004001996712759137,0.0045166015625,6,0.05,probability,0,0.6335719227790833
V1,169.0,semi_sickled,318,319.0,79.5,79.75,0.25,completed,0.007908550503392084,0.018808684637770058,0.013194972028334936,0.004730689688585699,0.003724465728737414,0.0040740966796875,6,0.05,probability,0,0.7274079322814941
V1,170.0,final_sickled,387,418.0,96.75,104.5,7.75,completed,0.02387227105193435,0.06076383128529415,0.04279041455851661,0.015748262670563742,0.005146340085452216,0.004807366265190972,6,0.05,probability,0,0.5093469619750977
V1,171.0,semi_sickled,252,253.0,63.0,63.25,0.25,completed,0.012379424029495566,0.01881082314066589,0.017006235818068188,0.012179969383093217,0.005984749256943663,0.004526774088541667,6,0.05,probability,0,0.7238272428512573
V1,173.0,semi_sickled,259,286.0,64.75,71.5,6.75,completed,0.017482648947725464,0.04543182493653149,0.03244011756032705,0.010091834069498873,0.004399645753437653,0.0033960342407226562,6,0.05,probability,0,0.6809583902359009
V1,174.0,final_sickled,114,120.0,28.5,30.0,1.5,completed,0.01447747101642149,0.052669005969073625,0.02760436792265285,0.0063808762934058905,0.005419008677232672,0.004200328480113636,6,0.05,probability,0,0.9147475957870483
V1,176.0,semi_sickled,422,423.0,105.5,105.75,0.25,completed,0.01590270970724911,0.025699077476747333,0.027067219217618305,0.01135600513468186,0.004181262435546766,0.004628499348958333,6,0.05,probability,0,0.502086877822876
V1,177.0,semi_sickled,317,318.0,79.25,79.5,0.25,completed,0.010160655618043772,0.017697933223098518,0.008530975629885992,0.016485635035981733,0.003360605895674477,0.004465738932291667,6,0.05,probability,0,0.7785280346870422
V1,178.0,semi_sickled,200,211.0,50.0,52.75,2.75,completed,0.0241557196370195,0.05095294192433358,0.0458810580894351,0.013120606978191063,0.00495463236438809,0.004734039306640625,6,0.05,probability,0,0.6099510192871094
V1,180.0,semi_sickled,375,386.0,93.75,96.5,2.75,completed,0.02003041085354198,0.05291842344449833,0.038350917398929596,0.010771910267067142,0.003708337120770011,0.003650665283203125,6,0.05,probability,0,0.9200824499130249
V1,181.0,final_sickled,308,313.0,77.0,78.25,1.25,completed,0.012949667131179014,0.03277701607148629,0.025775539875030517,0.005479229852790013,0.002712852775584906,0.0030609130859375,6,0.05,probability,0,0.6361933350563049
V1,182.0,final_sickled,138,139.0,34.5,34.75,0.25,completed,0.013975080766249448,0.020433241873979567,0.017153300965825718,0.01700438039066891,0.004882941643397014,0.004414876302083333,6,0.05,probability,0,0.8371025323867798
V1,183.0,final_sickled,224,230.0,56.0,57.5,1.5,completed,0.01969099734401838,0.047124168393202125,0.03371474553238262,0.013968643711202523,0.0051463996060192585,0.005382191051136364,6,0.05,probability,0,0.7966273427009583
V1,185.0,final_sickled,132,145.0,33.0,36.25,3.25,completed,0.025263940857096004,0.18034023670479654,0.0427115588552422,0.018789732647645805,0.006640086694258369,0.006183200412326389,6,0.05,probability,0,0.6416479349136353
V1,186.0,semi_sickled,235,260.0,58.75,65.0,6.25,completed,0.02639955859900511,0.07147385549033061,0.05158425445357959,0.014077656196119885,0.003640366084679651,0.0030690511067708332,6,0.05,probability,0,0.6296340227127075
V1,191.0,semi_sickled,272,273.0,68.0,68.25,0.25,completed,0.009725384691652532,0.016886591620277613,0.011488044013579687,0.011528070084750652,0.0049124393456925946,0.0038503011067708335,6,0.05,probability,0,0.8229513168334961
V1,192.0,semi_sickled,248,266.0,62.0,66.5,4.5,completed,0.02766009983707867,0.15179038494825364,0.049765507164208786,0.01835855985890426,0.006037629786473902,0.004589578379755435,6,0.05,probability,0,0.6619600057601929
V1,193.0,final_sickled,172,185.0,43.0,46.25,3.25,completed,0.02404912822983331,0.05669447204563767,0.04189907428291109,0.016425398411229253,0.006319691375311878,0.006005181206597222,6,0.05,probability,0,0.6667460203170776
V1,194.0,final_sickled,218,220.0,54.5,55.0,0.5,completed,0.015448140591200043,0.045295070856809616,0.025577350120459284,0.012061996185886008,0.0029329742870426606,0.005031040736607143,6,0.05,probability,0,0.794246256351471
V1,195.0,semi_sickled,251,312.0,62.75,78.0,15.25,completed,0.03129523608533253,0.10622316038934515,0.06316081919904912,0.01381952577679785,0.00487092115376568,0.004681673916903409,6,0.05,probability,0,0.6493344306945801
V1,196.0,final_sickled,156,157.0,39.0,39.25,0.25,completed,0.006181281441240571,0.012143286247737705,0.0035224631428718567,0.010565990659718713,0.004534757734897236,0.004058837890625,6,0.05,probability,0,0.9655376672744751
V1,197.0,semi_sickled,255,291.0,63.75,72.75,9.0,completed,0.021850752946743233,0.05071058725006879,0.04257531791198545,0.010680334358589678,0.005108121690260837,0.003551948361280488,6,0.05,probability,0,0.7765957117080688
V1,200.0,semi_sickled,223,237.0,55.75,59.25,3.5,completed,0.016585083177395925,0.05613646882993635,0.03322603514319972,0.006983515904530098,0.0034626367177177024,0.0033408717105263158,6,0.05,probability,0,0.7901817560195923
V1,201.0,semi_sickled,195,196.0,48.75,49.0,0.25,completed,0.012061638629529628,0.02196049632620998,0.022095816830794018,0.006269798458864291,0.005011455000688632,0.0032196044921875,6,0.05,probability,0,0.846731960773468
V1,203.0,semi_sickled,283,299.0,70.75,74.75,4.0,completed,0.01926096467747508,0.050551108788931744,0.03375373248543058,0.013512069226375647,0.004219472192094794,0.00402250744047619,6,0.05,probability,0,0.7131668329238892
V1,204.0,final_sickled,156,167.0,39.0,41.75,2.75,completed,0.01832135268487036,0.03332900605164468,0.030124457087367773,0.013988027843879536,0.006457054347265512,0.0045490264892578125,6,0.05,probability,0,0.8288347125053406
V1,205.0,final_sickled,473,,118.25,,,not_completed,0.012044336964027026,0.022087708913022655,0.020278997719287872,0.008891697119300565,0.0027657125998909273,0.0037994384765625,6,0.05,probability,0,0.6937110424041748
V1,206.0,final_sickled,165,166.0,41.25,41.5,0.25,completed,0.012309202663648952,0.02461522212252021,0.018595155328512192,0.01121634584463512,0.0031128757497450956,0.004450480143229167,6,0.05,probability,0,0.912697970867157
V1,207.0,semi_sickled,240,246.0,60.0,61.5,1.5,completed,0.01571110087944279,0.043560742307454346,0.025610245086930016,0.011933661785654047,0.005724712761796333,0.004597056995738636,6,0.05,probability,0,0.7628083229064941
V1,209.0,final_sickled,222,223.0,55.5,55.75,0.25,completed,0.011217842534339675,0.018133738968754188,0.014052235366155704,0.01197677404464533,0.00511167283790807,0.006128946940104167,6,0.05,probability,0,0.5102180242538452
V1,211.0,final_sickled,117,118.0,29.25,29.5,0.25,completed,0.014227836604792779,0.01974380551255308,0.025730043649673462,0.00801596159969146,0.0036555081411885717,0.0053863525390625,6,0.05,probability,0,0.8040479421615601
V1,213.0,final_sickled,240,296.0,60.0,74.0,14.0,completed,0.021820731127868906,0.07202783995307982,0.040406293434197785,0.012735443530636686,0.005317497700758156,0.004288970446977459,6,0.05,probability,0,0.6553744077682495
V1,214.0,semi_sickled,296,297.0,74.0,74.25,0.25,completed,0.011165413040725979,0.013926845643436535,0.013713498910268148,0.013475671265041456,0.004198706786458691,0.003509521484375,6,0.05,probability,0,0.582654595375061
V1,215.0,semi_sickled,399,,99.75,,,not_completed,0.028713273106895938,0.10910271855536849,0.04783649444580078,0.02329653038177639,0.0069450770322873724,0.00445404052734375,6,0.05,probability,0,0.7546163201332092
V1,217.0,semi_sickled,209,253.0,52.25,63.25,11.0,completed,0.02187010962533888,0.053954931197222326,0.04055873623916081,0.013120631290580697,0.0049642460178393796,0.0034709074059311226,6,0.05,probability,0,0.7893654108047485
V1,219.0,semi_sickled,292,293.0,73.0,73.25,0.25,completed,0.01261734116706066,0.020479071338195355,0.0234635832409064,0.006837179302237928,0.0026319779766102633,0.004079182942708333,6,0.05,probability,0,0.5062597990036011
V1,222.0,final_sickled,98,100.0,24.5,25.0,0.5,completed,0.011027872897102496,0.03102170043857768,0.01553599163889885,0.011281278632980372,0.0042826390791950485,0.0026375906808035715,6,0.05,probability,0,0.9581697583198547
V1,223.0,final_sickled,107,119.0,26.75,29.75,3.0,completed,0.07268237961025285,0.279299494667122,0.12575228358892834,0.047654857486486436,0.007350508866639917,0.0048899931066176475,6,0.05,probability,0,0.9184331893920898
V1,224.0,final_sickled,182,185.0,45.5,46.25,0.75,completed,0.011292142305319431,0.03336177123710513,0.016134061384946108,0.009706830067443661,0.00629906787071377,0.005229949951171875,6,0.05,probability,0,0.820360004901886
V1,225.0,final_sickled,86,87.0,21.5,21.75,0.25,completed,0.011814155923881723,0.02144277859479189,0.01050358172506094,0.018712318245282706,0.003314220239796365,0.005193074544270833,6,0.05,probability,0,0.9470199346542358
V1,226.0,semi_sickled,303,304.0,75.75,76.0,0.25,completed,0.01631303146520319,0.02283021282637492,0.03190333892901739,0.006568631991588821,0.005047032337946196,0.004974365234375,6,0.05,probability,0,0.7821587324142456
V1,228.0,final_sickled,107,108.0,26.75,27.0,0.25,completed,0.008784524325164966,0.014583558507729322,0.011800915623704592,0.0088459089359579,0.0034875174363454184,0.0042572021484375,6,0.05,probability,0,0.9535752534866333
V1,229.0,final_sickled,228,242.0,57.0,60.5,3.5,completed,0.01872272346640545,0.1453900675754994,0.030457791529203717,0.015635244169970974,0.004508244661050604,0.0040299265008223685,6,0.05,probability,0,0.526208221912384
V1,230.0,final_sickled,150,174.0,37.5,43.5,6.0,completed,0.034622492076851,0.19917776617221533,0.05623001374047378,0.031416169885132045,0.00687420888450639,0.006048794450431034,6,0.05,probability,0,0.6273988485336304
V1,231.0,semi_sickled,386,413.0,96.5,103.25,6.75,completed,0.02046064448595644,0.05221681540133432,0.03651183098554611,0.013421618374195532,0.004238040615746286,0.005028724670410156,6,0.05,probability,0,0.7919285893440247
V1,233.0,semi_sickled,214,239.0,53.5,59.75,6.25,completed,0.02701154042685327,0.06952903952915222,0.048149760067462924,0.01799807066175466,0.0069838904814484215,0.0046346028645833336,6,0.05,probability,0,0.5338221788406372
V1,234.0,semi_sickled,121,130.0,30.25,32.5,2.25,completed,0.023806871635939125,0.07000668582040817,0.041073497384786606,0.01656729167526854,0.007227573610310044,0.005403791155133929,6,0.05,probability,0,0.6120396852493286
V1,236.0,final_sickled,239,297.0,59.75,74.25,14.5,completed,0.022163121187311063,0.12800456521411735,0.03434437215328216,0.025894963231525923,0.005126466987551087,0.005278087797619048,6,0.05,probability,0,0.6494994163513184
V1,237.0,final_sickled,168,169.0,42.0,42.25,0.25,completed,0.011303397950784227,0.02078186076832935,0.01549038290977478,0.01111822024298211,0.005189995000061269,0.004536946614583333,6,0.05,probability,0,0.5659328699111938
V1,238.0,semi_sickled,246,250.0,61.5,62.5,1.0,completed,0.020268046914034676,0.05248883137336143,0.027571237335602444,,0.008766768810649713,0.008399115668402778,6,0.05,probability,0,0.9090739488601685
