CellID,Subtype,StartFrame,EndFrame,StartTimeSec,EndTimeSec,DurationSec,CompletionStatus,MeanChangeScore,MaxChangeScore,MeanSubtypeDelta,MeanShapeDelta,MeanTextureDelta,MeanHistDelta,StableFramesRequired,ChangeThreshold,MinDurationSec,EndpointSubtypeProb
1.0,final_sickled,251,261.0,62.75,65.25,2.5,completed,0.059461846075353555,0.31107039061876446,0.09125409026940663,0.04436044561831901,0.011767041756926725,0.007305908203125,6,0.03,0,0.8857062458992004
2.0,semi_sickled,476,,119.0,,,not_completed,0.017277681804560602,0.023010290997962538,0.02653283377488454,,0.0027619567311679325,0.0021769205729166665,6,0.03,0,0.7420699596405029
3.0,semi_sickled,279,302.0,69.75,75.5,5.75,completed,0.024135616897131385,0.07920764068840072,0.03976451525730746,0.020179815710954636,0.005234747759199568,0.004100254603794643,6,0.03,0,0.782967209815979
4.0,final_sickled,242,251.0,60.5,62.75,2.25,completed,0.02236837907174569,0.04123762748204172,0.04099774679967335,0.013850913599266537,0.004084512583046619,0.004887172154017857,6,0.03,0,0.6342754364013672
5.0,final_sickled,458,,114.5,,,not_completed,0.023475196828353334,0.04520918875932694,0.04294431990101224,0.01495074354101061,0.004915141592001808,0.0036025274367559525,6,0.03,0,0.5130906105041504
8.0,final_sickled,330,336.0,82.5,84.0,1.5,completed,0.026339822181645402,0.07611876404262147,0.02712989733977751,0.045413858257234097,0.0044495589734817095,0.004663640802556818,6,0.03,0,0.80809485912323
10.0,final_sickled,199,203.0,49.75,50.75,1.0,completed,0.01481722258839808,0.036953128216555345,0.02242998116546207,0.014345993753522635,0.0027512344661065275,0.003841824001736111,6,0.03,0,0.6517475843429565
11.0,semi_sickled,196,197.0,49.0,49.25,0.25,completed,0.014826690828582893,0.027605804236372936,0.020425571749607723,0.015517101914156228,0.006207823714551826,0.0035959879557291665,6,0.03,0,0.6529345512390137
16.0,final_sickled,196,197.0,49.0,49.25,0.25,completed,0.010802381851923809,0.023884677595924587,0.019492023003598053,0.006034520726340513,0.0034756412690815828,0.0036722819010416665,6,0.03,0,0.9489099383354187
19.0,semi_sickled,296,297.0,74.0,74.25,0.25,completed,0.012363882069863998,0.022421288723126053,0.02084649975101153,0.008728479452353591,0.003917300045335044,0.00384521484375,6,0.03,0,0.6824815273284912
20.0,semi_sickled,227,239.0,56.75,59.75,3.0,completed,0.023045459831037615,0.07775990865193308,0.042642742614535725,0.013383971217348623,0.006083925566225148,0.004347857306985294,6,0.03,0,0.5276163816452026
21.0,final_sickled,199,200.0,49.75,50.0,0.25,completed,0.011041072358299667,0.01735475128516555,0.016201453283429146,0.010024825887133678,0.005042223492637277,0.0033721923828125,6,0.03,0,0.8573136329650879
22.0,final_sickled,389,390.0,97.25,97.5,0.25,completed,0.008819961489886433,0.01833054721937515,0.012951002766688665,0.007476237733499147,0.004190300940535963,0.003992716471354167,6,0.03,0,0.5200842022895813
24.0,final_sickled,253,265.0,63.25,66.25,3.0,completed,0.034770059979500195,0.30403771507553756,0.06510062121293124,0.021592147045714015,0.005585529629195876,0.0037949505974264708,6,0.03,0,0.6873337030410767
26.0,semi_sickled,367,368.0,91.75,92.0,0.25,completed,0.012013270049646961,0.026212504890281707,0.01755637799700101,0.011832812277134508,0.0032284060531916716,0.0035654703776041665,6,0.03,0,0.7805509567260742
29.0,semi_sickled,339,340.0,84.75,85.0,0.25,completed,0.010655122441918746,0.019067162132705564,0.01724695786833763,0.007456300266009445,0.005276996137884756,0.0038960774739583335,6,0.03,0,0.7024298310279846
32.0,semi_sickled,247,248.0,61.75,62.0,0.25,completed,0.01715664201959347,0.02839682411286049,0.03277344753344854,0.008223675928699473,0.005781254808728893,0.003570556640625,6,0.03,0,0.6098603010177612
37.0,final_sickled,339,340.0,84.75,85.0,0.25,completed,0.01501586982558365,0.02505831766175106,0.01882486293713252,0.01795233522716444,0.004997445483847211,0.0046234130859375,6,0.03,0,0.669961154460907
38.0,final_sickled,180,181.0,45.0,45.25,0.25,completed,0.004989308067663918,0.00889932606369257,0.00688902319719394,0.0037314938541205636,0.0038610234041698277,0.0035603841145833335,6,0.03,0,0.9585214853286743
39.0,semi_sickled,271,272.0,67.75,68.0,0.25,completed,0.006553412712841797,0.013275836361572146,0.016347747296094894,,0.003920063434634358,0.0038045247395833335,6,0.03,0,0.8089441061019897
40.0,semi_sickled,467,473.0,116.75,118.25,1.5,completed,0.02113322549531321,0.04778114622458816,0.039681765166195954,0.01174666010774672,0.005081957057965073,0.004111550071022727,6,0.03,0,0.7118698954582214
42.0,semi_sickled,400,401.0,100.0,100.25,0.25,completed,0.014919578569727796,0.022080588678363714,0.024461140235265095,0.011752002368060252,0.004630247848884513,0.0035451253255208335,6,0.03,0,0.6381111145019531
49.0,final_sickled,197,240.0,49.25,60.0,10.75,completed,0.02573841077390357,0.05444197618635372,0.04377551943374177,0.019507651589304696,0.006353428331446291,0.004740397135416667,6,0.03,0,0.7771674990653992
51.0,final_sickled,102,103.0,25.5,25.75,0.25,completed,0.010499746201094241,0.021236357756424698,0.018255238731702168,0.006463240832090378,0.004218750478078921,0.003265380859375,6,0.03,0,0.9665883183479309
52.0,final_sickled,452,457.0,113.0,114.25,1.25,completed,0.016720001633511856,0.04315835958113894,0.02812952548265457,0.011851202067919075,0.006485017295926809,0.0040771484375,6,0.03,0,0.5498539209365845
53.0,final_sickled,288,289.0,72.0,72.25,0.25,completed,0.010494204847620696,0.01875225365317116,,0.014782589937870702,0.004484674932124714,0.004496256510416667,6,0.03,0,0.718532919883728
54.0,semi_sickled,266,272.0,66.5,68.0,1.5,completed,0.017773857707917076,0.04516654340550304,0.0327230610630729,0.010537959665684453,0.0039812994390641425,0.003989479758522727,6,0.03,0,0.5976550579071045
58.0,final_sickled,281,282.0,70.25,70.5,0.25,completed,0.009833158114148925,0.019196179299615323,0.008950356083611647,0.014591925467054049,0.004909531989445289,0.0042572021484375,6,0.03,0,0.9000717401504517
60.0,final_sickled,171,184.0,42.75,46.0,3.25,completed,0.037135571091413216,0.24399928627535702,0.06636931167708503,0.0265319023520634,0.006763203350904708,0.003650241427951389,6,0.03,0,0.8266794085502625
61.0,final_sickled,197,198.0,49.25,49.5,0.25,completed,0.009876076052023565,0.021194648556411268,0.016690804933508236,0.006660205273268123,0.0029211375513114035,0.0040283203125,6,0.03,0,0.725291907787323
62.0,final_sickled,226,227.0,56.5,56.75,0.25,completed,0.01557188357352667,0.029243655700702222,0.022838904211918514,0.015050253830850124,0.0050977484982771175,0.004252115885416667,6,0.03,0,0.851974368095398
66.0,final_sickled,214,215.0,53.5,53.75,0.25,completed,0.012250270833222505,0.0250884301494807,0.019217232863108318,0.010563774150796235,0.0029306511472289762,0.003997802734375,6,0.03,0,0.9525423049926758
67.0,semi_sickled,211,222.0,52.75,55.5,2.75,completed,0.02995164715157444,0.17514193463139238,0.047137971967458725,0.028098072652937844,0.005569017834204715,0.004528045654296875,6,0.03,0,0.5787392854690552
68.0,final_sickled,194,195.0,48.5,48.75,0.25,completed,0.014105132340531174,0.022214147116756067,0.0168470557158192,0.01741002794976036,0.006093046705548962,0.00408935546875,6,0.03,0,0.8321768045425415
70.0,final_sickled,175,181.0,43.75,45.25,1.5,completed,0.017378659160881813,0.034264158969745044,0.03193959932435642,0.009840421315113252,0.004916459396058185,0.004352916370738636,6,0.03,0,0.8275445103645325
71.0,final_sickled,381,382.0,95.25,95.5,0.25,completed,0.008882681160078695,0.015071466861991213,0.013333811114231745,0.00801075486621509,0.0026875867042690516,0.0032755533854166665,6,0.03,0,0.6569641828536987
73.0,semi_sickled,254,285.0,63.5,71.25,7.75,completed,0.042634337653079356,0.23074199440889062,0.07754273754027155,0.028823720743983157,0.00762336871573805,0.004608154296875,6,0.03,0,0.5816494822502136
74.0,final_sickled,212,215.0,53.0,53.75,0.75,completed,0.02100124535027135,0.0421497218310833,0.03684406913816929,0.014949379197787493,0.0048060081753646955,0.003444671630859375,6,0.03,0,0.6213577389717102
76.0,semi_sickled,297,304.0,74.25,76.0,1.75,completed,0.014105790405301378,0.030745883658528327,0.024461160103480022,0.00954327976796776,0.0042381808161735535,0.0036112467447916665,6,0.03,0,0.592093288898468
77.0,final_sickled,455,456.0,113.75,114.0,0.25,completed,0.013666353280617237,0.026247289765160532,0.020285921171307564,0.012734064240551865,0.005312012295083453,0.003448486328125,6,0.03,0,0.5644966959953308
82.0,final_sickled,170,171.0,42.5,42.75,0.25,completed,0.01072205530848199,0.022337397560477257,0.013790433605511984,0.011129459036358943,0.005983226854975025,0.0045013427734375,6,0.03,0,0.7754627466201782
84.0,semi_sickled,213,214.0,53.25,53.5,0.25,completed,0.011440024116260855,0.0181962983799167,0.0153733529150486,0.012056962683952102,0.00449187140717792,0.0040740966796875,6,0.03,0,0.815323531627655
86.0,semi_sickled,201,229.0,50.25,57.25,7.0,completed,0.03945359802438003,0.31041500717401505,0.061323783388643555,0.03734895537931924,0.008799015523188493,0.006016586766098485,6,0.03,0,0.5816494822502136
87.0,semi_sickled,369,370.0,92.25,92.5,0.25,completed,0.012262395322613884,0.022540788364131002,0.019031725823879242,0.010391410653634617,0.004424321950258066,0.0036773681640625,6,0.03,0,0.7809747457504272
88.0,final_sickled,119,120.0,29.75,30.0,0.25,completed,0.006563556736364262,0.017544300120789558,0.008593893920381864,0.007070782671992977,0.0023970984135909625,0.0028127034505208335,6,0.03,0,0.9277042150497437
89.0,semi_sickled,322,335.0,80.5,83.75,3.25,completed,0.01920040255216817,0.0668113375955727,0.03917286006940736,0.007644290189394572,0.00331279828646479,0.003533257378472222,6,0.03,0,0.8598113059997559
90.0,final_sickled,279,280.0,69.75,70.0,0.25,completed,0.008860878429065149,0.01608713004970923,0.015525656441847483,0.005685500179727872,0.0023965289195378623,0.0028889973958333335,6,0.03,0,0.8992005586624146
93.0,final_sickled,338,339.0,84.5,84.75,0.25,completed,0.014763479700438134,0.02449650187045336,0.015604916960000992,0.021299648098647594,0.004799771597996975,0.0037333170572916665,6,0.03,0,0.7500573396682739
94.0,final_sickled,217,218.0,54.25,54.5,0.25,completed,0.006310556115931831,0.011180049658287318,0.004807622482379277,0.009150731881769994,0.004590108951864143,0.004887898763020833,6,0.03,0,0.9128969311714172
95.0,final_sickled,284,292.0,71.0,73.0,2.0,completed,0.045152203954057786,0.11659841707441956,0.07126627690516986,0.04223744417182528,0.00924790738365398,0.005652794471153846,6,0.03,0,0.6309326887130737
97.0,final_sickled,292,318.0,73.0,79.5,6.5,completed,0.023383832962023125,0.059162572209606884,0.039387875987637426,0.017630105049559665,0.005936721651514452,0.00572844474546371,6,0.03,0,0.6396273374557495
98.0,semi_sickled,373,374.0,93.25,93.5,0.25,completed,0.01938540554692736,0.029674533329671248,0.042116173853476845,0.004393711463004972,0.0038027564296498895,0.004206339518229167,6,0.03,0,0.6525783538818359
101.0,semi_sickled,327,330.0,81.75,82.5,0.75,completed,0.03171607725744252,0.16298321783542633,0.04700129292905331,0.032521089029614814,0.007455098151694983,0.004810333251953125,6,0.03,0,0.7813783288002014
104.0,semi_sickled,434,438.0,108.5,109.5,1.0,completed,0.021804302374625373,0.04954490790842101,0.03791819843981001,0.015391634466747442,0.00528972792542643,0.004709879557291667,6,0.03,0,0.5182650089263916
106.0,semi_sickled,194,206.0,48.5,51.5,3.0,completed,0.021389178398428212,0.08692534640431404,0.04100424007457845,0.011564313858637916,0.0037104683339267094,0.003809311810661765,6,0.03,0,0.8150302767753601
109.0,final_sickled,263,264.0,65.75,66.0,0.25,completed,0.014256581870722587,0.027387654595077037,0.02848784625530243,0.004444660638303806,0.006051965911562244,0.00439453125,6,0.03,0,0.7714545130729675
111.0,final_sickled,199,200.0,49.75,50.0,0.25,completed,0.008237028262616757,0.016715557023417205,0.009871749207377434,0.008823601878248155,0.00441764136000226,0.005182902018229167,6,0.03,0,0.9533668756484985
112.0,final_sickled,143,144.0,35.75,36.0,0.25,completed,0.0069909175474701145,0.012933506339322776,0.004481462140878041,0.011732444341760129,0.004682065744418651,0.004053751627604167,6,0.03,0,0.9309897422790527
113.0,final_sickled,359,360.0,89.75,90.0,0.25,completed,0.011230364539854537,0.014435376320034266,0.018960808714230854,0.007750645900766055,0.0034941484918817878,0.003972371419270833,6,0.03,0,0.6070365309715271
114.0,final_sickled,268,273.0,67.0,68.25,1.25,completed,0.014065902385482332,0.030847470252774657,0.016938953101634978,0.017592907804646528,0.004759448789991438,0.004302978515625,6,0.03,0,0.8523778915405273
115.0,final_sickled,122,123.0,30.5,30.75,0.25,completed,0.009942667190140734,0.01782213506521657,0.010787668948372206,0.01290037682823216,0.0051562521839514375,0.0037434895833333335,6,0.03,0,0.9350807070732117
116.0,final_sickled,353,354.0,88.25,88.5,0.25,completed,0.01636061803631795,0.02921627125469968,0.030384280408422153,0.008509612952669462,0.0044674094921598835,0.005360921223958333,6,0.03,0,0.7355681657791138
117.0,final_sickled,198,199.0,49.5,49.75,0.25,completed,0.017971250450257988,0.025222345991642216,0.03249389740327994,0.011377985996659845,0.0033484481391496956,0.004582722981770833,6,0.03,0,0.9770587682723999
118.0,final_sickled,228,229.0,57.0,57.25,0.25,completed,0.01601667080055146,0.025151574693154547,0.019750168547034264,0.01905061735305935,0.0061081069288775325,0.005482991536458333,6,0.03,0,0.8205340504646301
119.0,final_sickled,279,280.0,69.75,70.0,0.25,completed,0.009231393595756447,0.01994676896138117,0.019544346258044243,0.006908815635445838,0.003976724168751389,0.0037434895833333335,6,0.03,0,0.7831411361694336
120.0,final_sickled,216,217.0,54.0,54.25,0.25,completed,0.014978366383002142,0.018611792201409117,0.019221877058347065,0.01735754668091734,0.004721083484279613,0.004994710286458333,6,0.03,0,0.8523778915405273
122.0,semi_sickled,260,266.0,65.0,66.5,1.5,completed,0.01106932256397241,0.037514321971684694,0.02038678526878357,0.005781878336248073,0.0038650017760863357,0.003262606534090909,6,0.03,0,0.5374707579612732
124.0,final_sickled,101,102.0,25.25,25.5,0.25,completed,0.012305854024210324,0.017475960496813058,0.015676820029815037,0.014597447433819374,0.004300448577851057,0.0031077067057291665,6,0.03,0,0.9443820714950562
127.0,final_sickled,184,235.0,46.0,58.75,12.75,completed,0.028927718164647682,0.11708675859845244,0.04983346749629293,0.022606433435742344,0.004377635290438775,0.004279000418526786,6,0.03,0,0.589134693145752
128.0,final_sickled,476,,119.0,,,not_completed,0.009637929606833495,0.01459287143952679,0.014675763746102652,0.00830219266936183,0.0024901496168846884,0.004404703776041667,6,0.03,0,0.8466793298721313
129.0,final_sickled,292,293.0,73.0,73.25,0.25,completed,0.013005785983599102,0.025674127030652017,0.01806727300087611,0.012662574299611151,0.006299894768744707,0.004475911458333333,6,0.03,0,0.8716828227043152
130.0,semi_sickled,280,294.0,70.0,73.5,3.5,completed,0.029825178896786195,0.1801612550392747,0.06095174229458759,0.012669246049450808,0.004803736527193044,0.0032782303659539473,6,0.03,0,0.626165509223938
133.0,final_sickled,408,409.0,102.0,102.25,0.25,completed,0.01595780553179793,0.02731290925294161,0.028176361074050266,0.010188709362410009,0.005068538865695397,0.0039011637369791665,6,0.03,0,0.6450285315513611
134.0,semi_sickled,479,,119.75,,,not_completed,,,,,,,6,0.03,0,0.6892317533493042
135.0,final_sickled,104,105.0,26.0,26.25,0.25,completed,0.008585006868815982,0.012553896266035735,0.007904181256890297,0.011908676358871162,0.005968284443952143,0.0040740966796875,6,0.03,0,0.9585452079772949
137.0,semi_sickled,291,292.0,72.75,73.0,0.25,completed,0.014987414288528575,0.026080741558689623,0.024051354577143986,0.012250007130205631,0.004850780009292066,0.0037841796875,6,0.03,0,0.725441038608551
138.0,final_sickled,232,233.0,58.0,58.25,0.25,completed,0.010124222376422647,0.013103596400469542,0.015238376955191294,0.008138920646160841,0.0045490099194770055,0.004892985026041667,6,0.03,0,0.7788864970207214
140.0,final_sickled,201,202.0,50.25,50.5,0.25,completed,0.009021737714647315,0.01589929477777332,0.012928148110707601,0.006779415707569569,0.00793555883380274,0.0038859049479166665,6,0.03,0,0.8397946357727051
143.0,semi_sickled,143,147.0,35.75,36.75,1.0,completed,0.016068213635137205,0.034489324875175954,0.0285336176554362,0.010953607658545176,0.0035434000633863937,0.003024631076388889,6,0.03,0,0.5214923620223999
144.0,final_sickled,426,427.0,106.5,106.75,0.25,completed,0.00936786599777406,0.013873239606618883,0.011049523949623108,0.011553039425052702,0.0025209751329384744,0.0047149658203125,6,0.03,0,0.5389295816421509
145.0,semi_sickled,209,218.0,52.25,54.5,2.25,completed,0.01746525702141558,0.0333261632709764,0.028971546994788305,0.013276132954550641,0.006044854692715619,0.003795078822544643,6,0.03,0,0.5075362920761108
147.0,final_sickled,327,353.0,81.75,88.25,6.5,completed,0.022387655877232213,0.12241844646632671,0.03949764346884143,0.016197973892333045,0.004305656520544642,0.0030488044984879033,6,0.03,0,0.6382548213005066
148.0,final_sickled,244,245.0,61.0,61.25,0.25,completed,0.010932369669899343,0.017333385028177873,0.021144460886716843,0.004728366620838642,0.003413945436477661,0.003143310546875,6,0.03,0,0.623196005821228
149.0,semi_sickled,227,228.0,56.75,57.0,0.25,completed,0.010896932485532793,0.01827492768643424,0.01861645933240652,0.007115976768545806,0.0033852490790498755,0.004292805989583333,6,0.03,0,0.6464630365371704
150.0,final_sickled,249,250.0,62.25,62.5,0.25,completed,0.015417696195315028,0.028958064620383084,0.0216374471783638,0.016953744692727923,0.003665962110972032,0.0029652913411458335,6,0.03,0,0.8551540374755859
151.0,semi_sickled,263,264.0,65.75,66.0,0.25,completed,0.01233677194250049,0.01903178353095427,0.019006704290707905,0.01087481544042627,0.004351135711961736,0.0030721028645833335,6,0.03,0,0.68281090259552
152.0,final_sickled,311,312.0,77.75,78.0,0.25,completed,0.007811059623296993,0.013294999138452113,0.009310114197432995,0.008648030925542116,0.004570288700051606,0.003911336263020833,6,0.03,0,0.8938655853271484
154.0,semi_sickled,338,339.0,84.5,84.75,0.25,completed,0.012231944786132468,0.027080904319882394,0.01995544632275899,0.009552784361100445,0.003781502464941392,0.0034688313802083335,6,0.03,0,0.615702748298645
155.0,semi_sickled,311,312.0,77.75,78.0,0.25,completed,0.013849950872827322,0.02077146639348939,0.019625914593537647,0.013667449277515212,0.005262083373963833,0.004465738932291667,6,0.03,0,0.8176442384719849
156.0,semi_sickled,263,289.0,65.75,72.25,6.5,completed,0.022499827535319775,0.07826957993675024,0.04736291016301801,0.0074915412753339735,0.003995770415771873,0.0034652217741935483,6,0.03,0,0.681084394454956
159.0,final_sickled,248,251.0,62.0,62.75,0.75,completed,0.013606049987356528,0.040052563283825296,0.021528884768486023,0.011493943718960509,0.003691200152388774,0.00408172607421875,6,0.03,0,0.6572904586791992
161.0,final_sickled,353,354.0,88.25,88.5,0.25,completed,0.010790339141870693,0.0170913286623545,0.01950400446852048,0.006521146899710099,0.002395479183178395,0.0032552083333333335,6,0.03,0,0.8236042857170105
162.0,final_sickled,165,166.0,41.25,41.5,0.25,completed,0.01242949223208901,0.024220050568692385,0.022238530218601227,0.006641885949647985,0.0054028995606737835,0.0042724609375,6,0.03,0,0.5690547227859497
163.0,final_sickled,363,364.0,90.75,91.0,0.25,completed,0.01234067145038959,0.021827232517534868,0.01974879950284958,0.010412709256343078,0.0027522080054041,0.0036214192708333335,6,0.03,0,0.6777594089508057
164.0,semi_sickled,449,,112.25,,,not_completed,0.024053298244723863,0.06793060024501757,0.04617243707180023,0.013102921972792902,0.004488074098480866,0.003498331705729167,6,0.03,0,0.5702236890792847
165.0,final_sickled,139,140.0,34.75,35.0,0.25,completed,0.007644598932771866,0.014106648624874651,0.006430005344251792,0.011607188576211533,0.004357501815926905,0.00372314453125,6,0.03,0,0.9233690500259399
166.0,final_sickled,378,388.0,94.5,97.0,2.5,completed,0.021893251411820525,0.047114784218138084,0.03762066463629405,0.015630921884439885,0.006480770629908269,0.0045125325520833336,6,0.03,0,0.6179000735282898
168.0,final_sickled,239,240.0,59.75,60.0,0.25,completed,0.011448975780998202,0.025919090985553343,0.025595776736736298,0.006366087201361855,0.005737019799804936,0.0033111572265625,6,0.03,0,0.6169411540031433
170.0,semi_sickled,210,213.0,52.5,53.25,0.75,completed,0.017210138528753305,0.037667985819280145,0.033499475568532944,0.007957468871609308,0.004234588413964957,0.00396728515625,6,0.03,0,0.5538539886474609
171.0,final_sickled,162,163.0,40.5,40.75,0.25,completed,0.013788609255182866,0.020741565525531767,0.01774875322977702,0.015422945686926445,0.005883221902574102,0.004445393880208333,6,0.03,0,0.7081597447395325
173.0,final_sickled,443,452.0,110.75,113.0,2.25,completed,0.029709613522884735,0.058586131222546106,0.05897892053638186,0.014018994539843075,0.0041674961144703305,0.005523681640625,6,0.03,0,0.6110835671424866
175.0,final_sickled,153,154.0,38.25,38.5,0.25,completed,0.010233083329997802,0.01339530759723857,0.009751242895921072,0.014782384037971497,0.0048144476604647934,0.00445556640625,6,0.03,0,0.9124540090560913
176.0,semi_sickled,344,345.0,86.0,86.25,0.25,completed,0.012455579134984874,0.018421582877635956,0.02030413473645846,0.008464839736310145,0.005334271234460175,0.005635579427083333,6,0.03,0,0.6477018594741821
177.0,final_sickled,204,205.0,51.0,51.25,0.25,completed,0.011568271436650929,0.016569824528414757,0.013054076582193375,0.015843860999060173,0.003216142455736796,0.0031941731770833335,6,0.03,0,0.797502338886261
178.0,final_sickled,271,272.0,67.75,68.0,0.25,completed,0.013349952264494883,0.027426375180948526,0.022733440001805622,0.00897845629757891,0.004645557802480956,0.004267374674479167,6,0.03,0,0.7757881879806519
179.0,semi_sickled,211,217.0,52.75,54.25,1.5,completed,0.034939015792703934,0.14449792089872063,0.05755472454157742,0.03029552976262163,0.006547787967561321,0.003961736505681818,6,0.03,0,0.5734864473342896
183.0,final_sickled,378,381.0,94.5,95.25,0.75,completed,0.021692737277044218,0.041166168276686226,0.03464052081108093,0.018873390479711816,0.005372098385123536,0.004474639892578125,6,0.03,0,0.7147539258003235
185.0,semi_sickled,245,257.0,61.25,64.25,3.0,completed,0.022106361724539003,0.04926522967871279,0.04287935355130364,0.01087440031594323,0.0053218848838963925,0.003866756663602941,6,0.03,0,0.6926981806755066
188.0,final_sickled,155,165.0,38.75,41.25,2.5,completed,0.026462047842408843,0.06406324435956776,0.0462878555059433,0.01912696772875885,0.006007691208894054,0.004012044270833333,6,0.03,0,0.7351750135421753
189.0,semi_sickled,234,235.0,58.5,58.75,0.25,completed,0.006788697999824459,0.013019607809837908,0.009374871850013733,0.006266407057410106,0.0030612548386367657,0.0037027994791666665,6,0.03,0,0.6476149559020996
190.0,final_sickled,413,414.0,103.25,103.5,0.25,completed,0.014263780491698222,0.018419949564849956,0.016186527907848358,0.01895501969071726,0.004305624364254375,0.004933675130208333,6,0.03,0,0.6222487688064575
191.0,semi_sickled,28,29.0,7.0,7.25,0.25,completed,0.0032325618910059952,0.005888357758522034,,,0.0033014681830536574,0.0031636555989583335,6,0.03,0,0.9498012661933899
192.0,semi_sickled,340,345.0,85.0,86.25,1.25,completed,0.01731665679748403,0.03015686326834839,0.027129204571247102,0.01533121122047305,0.004437549936119467,0.0043548583984375,6,0.03,0,0.7322835922241211
194.0,semi_sickled,97,98.0,24.25,24.5,0.25,completed,0.007584612725622719,0.01932624825567473,0.01363349457581838,0.004482235332640509,0.0016918430434695135,0.0028076171875,6,0.03,0,0.6143149733543396
195.0,semi_sickled,186,197.0,46.5,49.25,2.75,completed,0.018921010158737775,0.04832411321403925,0.03481407230719924,0.010894298429775517,0.005495543824508786,0.003963470458984375,6,0.03,0,0.5478194952011108
197.0,final_sickled,261,274.0,65.25,68.5,3.25,completed,0.02140911230041335,0.05626100691733882,0.04178073464168443,0.01057019573636353,0.004109048750251532,0.003868950737847222,6,0.03,0,0.875127911567688
198.0,final_sickled,187,188.0,46.75,47.0,0.25,completed,0.016181841803578817,0.022959998477017508,0.023835205162564915,0.015537443473779907,0.005058909358922392,0.004618326822916667,6,0.03,0,0.8546860814094543
199.0,semi_sickled,275,283.0,68.75,70.75,2.0,completed,0.03232178498605768,0.09594949951861054,0.03613068965765146,0.04669609837807142,0.007357050109511385,0.004849947415865385,6,0.03,0,0.820469081401825
200.0,final_sickled,262,263.0,65.5,65.75,0.25,completed,0.011385998532932718,0.01826425320468843,0.015734894822041195,0.01144796454658111,0.00487749936291948,0.0038045247395833335,6,0.03,0,0.893990159034729
202.0,final_sickled,233,234.0,58.25,58.5,0.25,completed,0.010317231421746934,0.021855776011943818,0.014170649151007334,0.010209399547117451,0.00500438114007314,0.00360107421875,6,0.03,0,0.6049520969390869
203.0,final_sickled,131,141.0,32.75,35.25,2.5,completed,0.025706583918266312,0.13930069291964173,0.04650132209062576,0.01685345652513206,0.005817616552424927,0.003841145833333333,6,0.03,0,0.5959720015525818
207.0,semi_sickled,330,341.0,82.5,85.25,2.75,completed,0.01715723024499312,0.05810827115783468,0.034694937989115715,0.0065676050071488135,0.0039499404665548354,0.003894805908203125,6,0.03,0,0.8420624732971191
208.0,final_sickled,417,418.0,104.25,104.5,0.25,completed,0.016888711066712858,0.025799616711447017,0.02921561524271965,0.012103409661600987,0.00402228696232972,0.0037078857421875,6,0.03,0,0.8701542019844055
209.0,final_sickled,267,279.0,66.75,69.75,3.0,completed,0.022674733587208562,0.06341095987008885,0.042064045720240646,0.013882164809140651,0.0037904218188486993,0.004132439108455882,6,0.03,0,0.5411437153816223
210.0,semi_sickled,231,239.0,57.75,59.75,2.0,completed,0.01997167547793092,0.0505580457742326,0.03306851249474745,0.01585474150040402,0.005283731689605002,0.004277155949519231,6,0.03,0,0.5246220231056213
212.0,semi_sickled,267,268.0,66.75,67.0,0.25,completed,0.012846229411661627,0.02023697589756921,0.018611254480977852,0.011138045539458593,0.00702241063117981,0.0050048828125,6,0.03,0,0.7341268658638
215.0,final_sickled,161,169.0,40.25,42.25,2.0,completed,0.02038232500505766,0.04899545535445213,0.013352095937499633,0.04671069209209897,0.004473026035926663,0.003558819110576923,6,0.03,0,0.907974123954773
216.0,final_sickled,230,236.0,57.5,59.0,1.5,completed,0.018037775057812476,0.03928706580772996,0.03025320036844774,0.014279046984897419,0.003418497931720181,0.004092129794034091,6,0.03,0,0.8473594784736633
218.0,final_sickled,154,156.0,38.5,39.0,0.5,completed,0.022710538199836657,0.03890763286035508,0.04522224834987095,0.010202509018459491,0.004321089812687465,0.004084995814732143,6,0.03,0,0.8264910578727722
221.0,semi_sickled,316,317.0,79.0,79.25,0.25,completed,0.010095583442792606,0.014928972045890988,0.01489849885304769,0.00861584690089027,0.004967297155720492,0.003997802734375,6,0.03,0,0.8063427805900574
222.0,final_sickled,158,159.0,39.5,39.75,0.25,completed,0.010796869734379773,0.016388573322910816,0.014609988157947859,0.010788820412320396,0.004292431753128767,0.005121866861979167,6,0.03,0,0.7383476495742798
223.0,semi_sickled,285,290.0,71.25,72.5,1.25,completed,0.019311194550537043,0.031016908379388045,0.03890584409236908,0.0076830002013593916,0.0036109010339714586,0.0048675537109375,6,0.03,0,0.5715113878250122
224.0,final_sickled,143,144.0,35.75,36.0,0.25,completed,0.012294679062324577,0.017106765881180763,0.018816246340672176,0.010614236001856625,0.0044379531949137645,0.003987630208333333,6,0.03,0,0.9404218792915344
225.0,final_sickled,262,273.0,65.5,68.25,2.75,completed,0.031185638377428406,0.14272852768190206,0.05209078057669103,0.025987064582295716,0.0052510126697598025,0.004779815673828125,6,0.03,0,0.823085606098175
228.0,final_sickled,220,233.0,55.0,58.25,3.25,completed,0.0194625296748806,0.05815909646917135,0.03202974216805564,0.015061102923937142,0.005886676097159377,0.005147298177083333,6,0.03,0,0.935396671295166
229.0,final_sickled,150,151.0,37.5,37.75,0.25,completed,0.005482306506989214,0.009251733604469337,0.007529773438970248,0.004916294157737866,0.0027932077064178884,0.003204345703125,6,0.03,0,0.6443890333175659
230.0,semi_sickled,242,253.0,60.5,63.25,2.75,completed,0.02260402073516161,0.04327457170584239,0.04481181222945452,0.010634381738782395,0.0037079788598930463,0.0039501190185546875,6,0.03,0,0.5449702143669128
232.0,semi_sickled,235,236.0,58.75,59.0,0.25,completed,0.017392471525818107,0.027569950243923814,0.028529953211545944,0.013962880475446582,0.0040379770410557585,0.004709879557291667,6,0.03,0,0.5578983426094055
233.0,final_sickled,232,246.0,58.0,61.5,3.5,completed,0.016156352010224702,0.033409447455778715,0.02468351313942357,0.014632567665294596,0.00511790112298178,0.004174483449835526,6,0.03,0,0.8542667627334595
234.0,final_sickled,220,231.0,55.0,57.75,2.75,completed,0.020832537452224645,0.08022116816136986,0.026464358903467655,0.02604579908074811,0.005219972343184054,0.003826141357421875,6,0.03,0,0.6303433179855347
239.0,final_sickled,196,204.0,49.0,51.0,2.0,completed,0.02040568225963327,0.056434329226613046,0.03040956763120798,0.019682609028397843,0.005767008432975182,0.005056527944711538,6,0.03,0,0.5090165138244629
241.0,semi_sickled,209,216.0,52.25,54.0,1.75,completed,0.01641025748140237,0.03765860137355048,0.026881178220113117,0.013477864228965094,0.0036993999140880383,0.0038248697916666665,6,0.03,0,0.6263441443443298
243.0,final_sickled,123,124.0,30.75,31.0,0.25,completed,0.008290386896624114,0.020887448749272154,0.016915075480937958,0.002735216917547708,0.0017794917075661942,0.0027567545572916665,6,0.03,0,0.9463335275650024
244.0,semi_sickled,177,208.0,44.25,52.0,7.75,completed,0.028783854932271043,0.08591885259374976,0.05029092128905985,0.01035700981111194,0.0042805293439111365,0.0033060709635416665,6,0.03,0,0.6872768998146057
247.0,final_sickled,280,288.0,70.0,72.0,2.0,completed,0.021651616534822657,0.077778703533113,0.03607982339767309,0.01771546347747342,0.0042315171270344695,0.003922682542067308,6,0.03,0,0.8438922166824341
248.0,final_sickled,233,234.0,58.25,58.5,0.25,completed,0.012910613479471067,0.018867215514183043,0.017101293429732323,0.014512006309814751,0.004193834135852133,0.0037333170572916665,6,0.03,0,0.7849683165550232
250.0,final_sickled,28,29.0,7.0,7.25,0.25,completed,0.010179203171302905,0.016971767550179113,0.018201135098934174,0.02377697452902794,0.005592126011227568,0.004542032877604167,6,0.03,0,0.5446053743362427
251.0,semi_sickled,476,,119.0,,,not_completed,0.0273343011882389,0.033037961006630215,0.05240534245967865,0.015605800164242586,0.004117417576101919,0.0031636555989583335,6,0.03,0,0.5057877898216248
252.0,semi_sickled,264,310.0,66.0,77.5,11.5,completed,0.03697297269294774,0.12558787465095522,0.053107176779531966,0.043599142250604926,0.008137018097948064,0.00501565372242647,6,0.03,0,0.6168316006660461
254.0,semi_sickled,305,306.0,76.25,76.5,0.25,completed,0.005420933713396199,0.01009738177078991,0.005814186297357082,,0.003103560069575906,0.006479899088541667,6,0.03,0,0.9628316164016724
