FrameIndex,Frame,Class_0,Class_0_pos,Class_0_total,Class_1,Class_1_pos,Class_1_total,Class_2,Class_2_pos,Class_2_total,Class_3,Class_3_pos,Class_3_total,Class_4,Class_4_pos,Class_4_total,Class_5,Class_5_pos,Class_5_total
0,0,0.0,506,506,0.0,262,262,0.0,65,65,0.0,13,13,0.0,21,21,0.0,84,84
1,2,0.0,506,506,0.0,262,262,0.0,65,65,0.0,13,13,0.0,21,21,0.0,84,84
2,4,0.0,506,506,0.0,262,262,0.0,65,65,0.0,13,13,0.0,21,21,0.0,84,84
3,6,0.0,506,506,0.0,262,262,0.0,65,65,0.0,13,13,0.0,21,21,0.0,84,84
4,8,0.0,506,506,0.0,262,262,0.0,65,65,0.0,13,13,0.0,21,21,0.0,84,84
5,10,0.0,506,506,0.0,262,262,0.0,65,65,0.0,13,13,0.0,21,21,0.0,84,84
6,12,0.0,506,506,0.0,262,262,0.0,65,65,0.0,13,13,0.0,21,21,0.0,84,84
7,14,0.0019762845849802257,505,506,0.0,262,262,0.0,65,65,0.0,13,13,0.0,21,21,0.0,84,84
8,16,0.007905138339920903,502,506,0.003816793893129722,261,262,0.0,65,65,0.0,13,13,0.0,21,21,0.023809523809523836,82,84
9,18,0.007905138339920903,502,506,0.003816793893129722,261,262,0.0,65,65,0.0,13,13,0.0,21,21,0.023809523809523836,82,84
10,20,0.007905138339920903,502,506,0.003816793893129722,261,262,0.0,65,65,0.0,13,13,0.0,21,21,0.023809523809523836,82,84
11,22,0.007905138339920903,502,506,0.003816793893129722,261,262,0.0,65,65,0.0,13,13,0.0,21,21,0.023809523809523836,82,84
12,24,0.007905138339920903,502,506,0.003816793893129722,261,262,0.0,65,65,0.0,13,13,0.0,21,21,0.023809523809523836,82,84
13,26,0.007905138339920903,502,506,0.003816793893129722,261,262,0.01538461538461533,64,65,0.0,13,13,0.0,21,21,0.023809523809523836,82,84
14,28,0.007905138339920903,502,506,0.003816793893129722,261,262,0.01538461538461533,64,65,0.0,13,13,0.0,21,21,0.023809523809523836,82,84
15,30,0.007905138339920903,502,506,0.003816793893129722,261,262,0.01538461538461533,64,65,0.0,13,13,0.0,21,21,0.023809523809523836,82,84
16,32,0.007905138339920903,502,506,0.003816793893129722,261,262,0.01538461538461533,64,65,0.0,13,13,0.0,21,21,0.023809523809523836,82,84
17,34,0.007905138339920903,502,506,0.003816793893129722,261,262,0.01538461538461533,64,65,0.0,13,13,0.0,21,21,0.023809523809523836,82,84
18,36,0.007905138339920903,502,506,0.003816793893129722,261,262,0.01538461538461533,64,65,0.0,13,13,0.0,21,21,0.023809523809523836,82,84
19,38,0.007905138339920903,502,506,0.003816793893129722,261,262,0.01538461538461533,64,65,0.0,13,13,0.0,21,21,0.023809523809523836,82,84
20,40,0.007905138339920903,502,506,0.003816793893129722,261,262,0.01538461538461533,64,65,0.0,13,13,0.0,21,21,0.04761904761904767,80,84
21,42,0.007905138339920903,502,506,0.003816793893129722,261,262,0.01538461538461533,64,65,0.0,13,13,0.0,21,21,0.04761904761904767,80,84
22,44,0.007905138339920903,502,506,0.003816793893129722,261,262,0.01538461538461533,64,65,0.0,13,13,0.0,21,21,0.04761904761904767,80,84
23,46,0.007905138339920903,502,506,0.003816793893129722,261,262,0.01538461538461533,64,65,0.0,13,13,0.0,21,21,0.04761904761904767,80,84
24,48,0.007905138339920903,502,506,0.003816793893129722,261,262,0.01538461538461533,64,65,0.0,13,13,0.0,21,21,0.04761904761904767,80,84
25,50,0.007905138339920903,502,506,0.003816793893129722,261,262,0.01538461538461533,64,65,0.0,13,13,0.0,21,21,0.04761904761904767,80,84
26,52,0.007905138339920903,502,506,0.003816793893129722,261,262,0.01538461538461533,64,65,0.0,13,13,0.0,21,21,0.04761904761904767,80,84
27,54,0.007905138339920903,502,506,0.003816793893129722,261,262,0.01538461538461533,64,65,0.0,13,13,0.0,21,21,0.04761904761904767,80,84
28,56,0.007905138339920903,502,506,0.003816793893129722,261,262,0.01538461538461533,64,65,0.0,13,13,0.0,21,21,0.04761904761904767,80,84
29,58,0.007905138339920903,502,506,0.007633587786259555,260,262,0.01538461538461533,64,65,0.0,13,13,0.0,21,21,0.059523809523809534,79,84
30,60,0.007905138339920903,502,506,0.007633587786259555,260,262,0.01538461538461533,64,65,0.0,13,13,0.0,21,21,0.059523809523809534,79,84
31,62,0.007905138339920903,502,506,0.007633587786259555,260,262,0.01538461538461533,64,65,0.0,13,13,0.0,21,21,0.059523809523809534,79,84
32,64,0.007905138339920903,502,506,0.007633587786259555,260,262,0.01538461538461533,64,65,0.0,13,13,0.0,21,21,0.059523809523809534,79,84
33,66,0.007905138339920903,502,506,0.007633587786259555,260,262,0.01538461538461533,64,65,0.0,13,13,0.0,21,21,0.059523809523809534,79,84
34,68,0.007905138339920903,502,506,0.007633587786259555,260,262,0.01538461538461533,64,65,0.0,13,13,0.0,21,21,0.059523809523809534,79,84
35,70,0.007905138339920903,502,506,0.007633587786259555,260,262,0.01538461538461533,64,65,0.0,13,13,0.0,21,21,0.059523809523809534,79,84
36,72,0.007905138339920903,502,506,0.007633587786259555,260,262,0.01538461538461533,64,65,0.0,13,13,0.0,21,21,0.059523809523809534,79,84
37,74,0.007905138339920903,502,506,0.007633587786259555,260,262,0.01538461538461533,64,65,0.0,13,13,0.0,21,21,0.059523809523809534,79,84
38,76,0.007905138339920903,502,506,0.007633587786259555,260,262,0.01538461538461533,64,65,0.0,13,13,0.0,21,21,0.059523809523809534,79,84
39,78,0.007905138339920903,502,506,0.007633587786259555,260,262,0.01538461538461533,64,65,0.0,13,13,0.0,21,21,0.059523809523809534,79,84
40,80,0.007905138339920903,502,506,0.007633587786259555,260,262,0.01538461538461533,64,65,0.0,13,13,0.0,21,21,0.0714285714285714,78,84
41,82,0.00988142292490124,501,506,0.007633587786259555,260,262,0.01538461538461533,64,65,0.0,13,13,0.0,21,21,0.34523809523809523,55,84
42,84,0.00988142292490124,501,506,0.007633587786259555,260,262,0.01538461538461533,64,65,0.0,13,13,0.0,21,21,0.38095238095238093,52,84
43,86,0.00988142292490124,501,506,0.007633587786259555,260,262,0.01538461538461533,64,65,0.0,13,13,0.0,21,21,0.3928571428571429,51,84
44,88,0.00988142292490124,501,506,0.007633587786259555,260,262,0.01538461538461533,64,65,0.0,13,13,0.0,21,21,0.40476190476190477,50,84
45,90,0.00988142292490124,501,506,0.007633587786259555,260,262,0.01538461538461533,64,65,0.0,13,13,0.0,21,21,0.40476190476190477,50,84
46,92,0.00988142292490124,501,506,0.011450381679389277,259,262,0.01538461538461533,64,65,0.0,13,13,0.0,21,21,0.40476190476190477,50,84
47,94,0.00988142292490124,501,506,0.011450381679389277,259,262,0.01538461538461533,64,65,0.0,13,13,0.0,21,21,0.40476190476190477,50,84
48,96,0.011857707509881465,500,506,0.011450381679389277,259,262,0.01538461538461533,64,65,0.0,13,13,0.0,21,21,0.41666666666666663,49,84
49,98,0.013833992094861691,499,506,0.011450381679389277,259,262,0.01538461538461533,64,65,0.0,13,13,0.0,21,21,0.41666666666666663,49,84
50,100,0.013833992094861691,499,506,0.011450381679389277,259,262,0.01538461538461533,64,65,0.07692307692307687,12,13,0.0,21,21,0.4285714285714286,48,84
51,102,0.015810276679841917,498,506,0.011450381679389277,259,262,0.01538461538461533,64,65,0.07692307692307687,12,13,0.0,21,21,0.4285714285714286,48,84
52,104,0.01976284584980237,496,506,0.01526717557251911,258,262,0.03076923076923077,63,65,0.07692307692307687,12,13,0.0,21,21,0.44047619047619047,47,84
53,106,0.02371541501976282,494,506,0.01526717557251911,258,262,0.0461538461538461,62,65,0.07692307692307687,12,13,0.0,21,21,0.44047619047619047,47,84
54,108,0.025691699604743046,493,506,0.022900763358778664,256,262,0.0461538461538461,62,65,0.07692307692307687,12,13,0.0,21,21,0.44047619047619047,47,84
55,110,0.025691699604743046,493,506,0.022900763358778664,256,262,0.06153846153846154,61,65,0.07692307692307687,12,13,0.0,21,21,0.4642857142857143,45,84
56,112,0.029644268774703608,491,506,0.022900763358778664,256,262,0.06153846153846154,61,65,0.07692307692307687,12,13,0.0,21,21,0.47619047619047616,44,84
57,114,0.029644268774703608,491,506,0.022900763358778664,256,262,0.07692307692307687,60,65,0.07692307692307687,12,13,0.0,21,21,0.47619047619047616,44,84
58,116,0.035573122529644285,488,506,0.022900763358778664,256,262,0.07692307692307687,60,65,0.07692307692307687,12,13,0.0,21,21,0.47619047619047616,44,84
59,118,0.035573122529644285,488,506,0.022900763358778664,256,262,0.07692307692307687,60,65,0.07692307692307687,12,13,0.0,21,21,0.47619047619047616,44,84
60,120,0.035573122529644285,488,506,0.022900763358778664,256,262,0.07692307692307687,60,65,0.07692307692307687,12,13,0.0,21,21,0.48809523809523814,43,84
61,122,0.03754940711462451,487,506,0.022900763358778664,256,262,0.07692307692307687,60,65,0.07692307692307687,12,13,0.0,21,21,0.5,42,84
62,124,0.03952569169960474,486,506,0.022900763358778664,256,262,0.07692307692307687,60,65,0.07692307692307687,12,13,0.0,21,21,0.5357142857142857,39,84
63,126,0.04150197628458496,485,506,0.026717557251908386,255,262,0.07692307692307687,60,65,0.07692307692307687,12,13,0.0,21,21,0.5357142857142857,39,84
64,128,0.04743083003952564,482,506,0.026717557251908386,255,262,0.07692307692307687,60,65,0.07692307692307687,12,13,0.0,21,21,0.5357142857142857,39,84
65,130,0.04743083003952564,482,506,0.026717557251908386,255,262,0.07692307692307687,60,65,0.07692307692307687,12,13,0.0,21,21,0.5357142857142857,39,84
66,132,0.0513833992094862,480,506,0.03053435114503822,254,262,0.07692307692307687,60,65,0.07692307692307687,12,13,0.0,21,21,0.5357142857142857,39,84
67,134,0.0513833992094862,480,506,0.03435114503816794,253,262,0.07692307692307687,60,65,0.07692307692307687,12,13,0.0,21,21,0.5357142857142857,39,84
68,136,0.05335968379446643,479,506,0.041984732824427495,251,262,0.07692307692307687,60,65,0.07692307692307687,12,13,0.0,21,21,0.5476190476190477,38,84
69,138,0.059288537549407105,476,506,0.04961832061068705,249,262,0.07692307692307687,60,65,0.07692307692307687,12,13,0.0,21,21,0.5476190476190477,38,84
70,140,0.06719367588932801,472,506,0.04961832061068705,249,262,0.07692307692307687,60,65,0.07692307692307687,12,13,0.0,21,21,0.5595238095238095,37,84
71,142,0.06719367588932801,472,506,0.04961832061068705,249,262,0.07692307692307687,60,65,0.07692307692307687,12,13,0.0,21,21,0.5714285714285714,36,84
72,144,0.0731225296442688,469,506,0.04961832061068705,249,262,0.07692307692307687,60,65,0.07692307692307687,12,13,0.0,21,21,0.5714285714285714,36,84
73,146,0.07707509881422925,467,506,0.05343511450381677,248,262,0.09230769230769231,59,65,0.07692307692307687,12,13,0.0,21,21,0.5714285714285714,36,84
74,148,0.07707509881422925,467,506,0.057251908396946605,247,262,0.09230769230769231,59,65,0.07692307692307687,12,13,0.0,21,21,0.5833333333333333,35,84
75,150,0.0810276679841897,465,506,0.06106870229007633,246,262,0.09230769230769231,59,65,0.07692307692307687,12,13,0.0,21,21,0.5833333333333333,35,84
76,152,0.08893280632411071,461,506,0.06106870229007633,246,262,0.10769230769230764,58,65,0.07692307692307687,12,13,0.0,21,21,0.5952380952380952,34,84
77,154,0.09683794466403162,457,506,0.0725190839694656,243,262,0.10769230769230764,58,65,0.07692307692307687,12,13,0.0,21,21,0.5952380952380952,34,84
78,156,0.1027667984189723,454,506,0.0725190839694656,243,262,0.12307692307692308,57,65,0.07692307692307687,12,13,0.0,21,21,0.5952380952380952,34,84
79,158,0.10474308300395252,453,506,0.08015267175572516,241,262,0.1384615384615384,56,65,0.07692307692307687,12,13,0.0,21,21,0.5952380952380952,34,84
80,160,0.10869565217391308,451,506,0.08778625954198471,239,262,0.1384615384615384,56,65,0.07692307692307687,12,13,0.0,21,21,0.5952380952380952,34,84
81,162,0.11264822134387353,449,506,0.09160305343511455,238,262,0.15384615384615385,55,65,0.07692307692307687,12,13,0.0,21,21,0.5952380952380952,34,84
82,164,0.11857707509881421,446,506,0.09160305343511455,238,262,0.16923076923076918,54,65,0.07692307692307687,12,13,0.0,21,21,0.5952380952380952,34,84
83,166,0.12055335968379444,445,506,0.0992366412213741,236,262,0.16923076923076918,54,65,0.07692307692307687,12,13,0.0,21,21,0.5952380952380952,34,84
84,168,0.12648221343873522,442,506,0.0992366412213741,236,262,0.18461538461538463,53,65,0.07692307692307687,12,13,0.0,21,21,0.5952380952380952,34,84
85,170,0.1324110671936759,439,506,0.0992366412213741,236,262,0.2153846153846154,51,65,0.07692307692307687,12,13,0.04761904761904767,20,21,0.5952380952380952,34,84
86,172,0.13636363636363635,437,506,0.1145038167938931,232,262,0.23076923076923073,50,65,0.07692307692307687,12,13,0.04761904761904767,20,21,0.6190476190476191,32,84
87,174,0.14426877470355737,433,506,0.12213740458015265,230,262,0.23076923076923073,50,65,0.07692307692307687,12,13,0.04761904761904767,20,21,0.6190476190476191,32,84
88,176,0.15612648221343872,427,506,0.13740458015267176,226,262,0.23076923076923073,50,65,0.07692307692307687,12,13,0.04761904761904767,20,21,0.6190476190476191,32,84
89,178,0.15810276679841895,426,506,0.14503816793893132,224,262,0.23076923076923073,50,65,0.07692307692307687,12,13,0.04761904761904767,20,21,0.6190476190476191,32,84
90,180,0.16403162055335974,423,506,0.15267175572519087,222,262,0.23076923076923073,50,65,0.07692307692307687,12,13,0.09523809523809523,19,21,0.6190476190476191,32,84
91,182,0.16600790513833996,422,506,0.1564885496183206,221,262,0.23076923076923073,50,65,0.07692307692307687,12,13,0.09523809523809523,19,21,0.6190476190476191,32,84
92,184,0.17391304347826086,418,506,0.16793893129770987,218,262,0.23076923076923073,50,65,0.07692307692307687,12,13,0.09523809523809523,19,21,0.6309523809523809,31,84
93,186,0.18181818181818177,414,506,0.17557251908396942,216,262,0.23076923076923073,50,65,0.07692307692307687,12,13,0.09523809523809523,19,21,0.6428571428571428,30,84
94,188,0.18972332015810278,410,506,0.18320610687022898,214,262,0.24615384615384617,49,65,0.07692307692307687,12,13,0.09523809523809523,19,21,0.6547619047619048,29,84
95,190,0.19367588932806323,408,506,0.19465648854961837,211,262,0.2615384615384615,48,65,0.07692307692307687,12,13,0.09523809523809523,19,21,0.6547619047619048,29,84
96,192,0.19565217391304346,407,506,0.19465648854961837,211,262,0.2615384615384615,48,65,0.07692307692307687,12,13,0.09523809523809523,19,21,0.6547619047619048,29,84
97,194,0.1996047430830039,405,506,0.20992366412213737,207,262,0.27692307692307694,47,65,0.15384615384615385,11,13,0.09523809523809523,19,21,0.6547619047619048,29,84
98,196,0.20948616600790515,400,506,0.21755725190839692,205,262,0.27692307692307694,47,65,0.15384615384615385,11,13,0.09523809523809523,19,21,0.6666666666666667,28,84
99,198,0.2134387351778656,398,506,0.23664122137404575,200,262,0.27692307692307694,47,65,0.15384615384615385,11,13,0.09523809523809523,19,21,0.6785714285714286,27,84
100,200,0.21936758893280628,395,506,0.24809160305343514,197,262,0.29230769230769227,46,65,0.15384615384615385,11,13,0.09523809523809523,19,21,0.6785714285714286,27,84
101,202,0.2272727272727273,391,506,0.2557251908396947,195,262,0.29230769230769227,46,65,0.15384615384615385,11,13,0.09523809523809523,19,21,0.6785714285714286,27,84
102,204,0.23122529644268774,389,506,0.2595419847328244,194,262,0.29230769230769227,46,65,0.15384615384615385,11,13,0.09523809523809523,19,21,0.7023809523809523,25,84
103,206,0.23715415019762842,386,506,0.26335877862595425,193,262,0.29230769230769227,46,65,0.15384615384615385,11,13,0.09523809523809523,19,21,0.7023809523809523,25,84
104,208,0.23913043478260865,385,506,0.26335877862595425,193,262,0.29230769230769227,46,65,0.15384615384615385,11,13,0.09523809523809523,19,21,0.7023809523809523,25,84
105,210,0.2509881422924901,379,506,0.26335877862595425,193,262,0.29230769230769227,46,65,0.15384615384615385,11,13,0.09523809523809523,19,21,0.7023809523809523,25,84
106,212,0.2628458498023716,373,506,0.26717557251908397,192,262,0.29230769230769227,46,65,0.15384615384615385,11,13,0.09523809523809523,19,21,0.7023809523809523,25,84
107,214,0.2707509881422925,369,506,0.26717557251908397,192,262,0.29230769230769227,46,65,0.15384615384615385,11,13,0.09523809523809523,19,21,0.7023809523809523,25,84
108,216,0.2786561264822134,365,506,0.2709923664122137,191,262,0.3076923076923077,45,65,0.15384615384615385,11,13,0.09523809523809523,19,21,0.7023809523809523,25,84
109,218,0.2786561264822134,365,506,0.2748091603053435,190,262,0.3076923076923077,45,65,0.15384615384615385,11,13,0.09523809523809523,19,21,0.7023809523809523,25,84
110,220,0.28260869565217395,363,506,0.2824427480916031,188,262,0.3076923076923077,45,65,0.15384615384615385,11,13,0.09523809523809523,19,21,0.7023809523809523,25,84
111,222,0.2865612648221344,361,506,0.2977099236641222,184,262,0.32307692307692304,44,65,0.23076923076923073,10,13,0.09523809523809523,19,21,0.7023809523809523,25,84
112,224,0.29051383399209485,359,506,0.3015267175572519,183,262,0.3384615384615385,43,65,0.23076923076923073,10,13,0.09523809523809523,19,21,0.7142857142857143,24,84
113,226,0.29841897233201586,355,506,0.3129770992366412,180,262,0.3384615384615385,43,65,0.23076923076923073,10,13,0.09523809523809523,19,21,0.7142857142857143,24,84
114,228,0.30434782608695654,352,506,0.3129770992366412,180,262,0.3538461538461538,42,65,0.23076923076923073,10,13,0.09523809523809523,19,21,0.7142857142857143,24,84
115,230,0.31225296442687744,348,506,0.33206106870229013,175,262,0.3538461538461538,42,65,0.23076923076923073,10,13,0.09523809523809523,19,21,0.7261904761904762,23,84
116,232,0.31422924901185767,347,506,0.3396946564885496,173,262,0.3538461538461538,42,65,0.23076923076923073,10,13,0.09523809523809523,19,21,0.7261904761904762,23,84
117,234,0.3221343873517787,343,506,0.34732824427480913,171,262,0.3538461538461538,42,65,0.23076923076923073,10,13,0.09523809523809523,19,21,0.7261904761904762,23,84
118,236,0.32608695652173914,341,506,0.35114503816793896,170,262,0.3538461538461538,42,65,0.23076923076923073,10,13,0.09523809523809523,19,21,0.7261904761904762,23,84
119,238,0.3320158102766798,338,506,0.3549618320610687,169,262,0.3538461538461538,42,65,0.23076923076923073,10,13,0.09523809523809523,19,21,0.7261904761904762,23,84
120,240,0.3399209486166008,334,506,0.3549618320610687,169,262,0.3538461538461538,42,65,0.23076923076923073,10,13,0.09523809523809523,19,21,0.7261904761904762,23,84
121,242,0.3438735177865613,332,506,0.36641221374045807,166,262,0.36923076923076925,41,65,0.23076923076923073,10,13,0.09523809523809523,19,21,0.7261904761904762,23,84
122,244,0.34782608695652173,330,506,0.36641221374045807,166,262,0.36923076923076925,41,65,0.23076923076923073,10,13,0.09523809523809523,19,21,0.7380952380952381,22,84
123,246,0.34782608695652173,330,506,0.3740458015267175,164,262,0.3846153846153846,40,65,0.23076923076923073,10,13,0.09523809523809523,19,21,0.75,21,84
124,248,0.3537549407114624,327,506,0.3854961832061069,161,262,0.3846153846153846,40,65,0.23076923076923073,10,13,0.09523809523809523,19,21,0.75,21,84
125,250,0.35770750988142297,325,506,0.3854961832061069,161,262,0.3846153846153846,40,65,0.23076923076923073,10,13,0.09523809523809523,19,21,0.75,21,84
126,252,0.3616600790513834,323,506,0.39312977099236646,159,262,0.3846153846153846,40,65,0.23076923076923073,10,13,0.09523809523809523,19,21,0.7619047619047619,20,84
127,254,0.36363636363636365,322,506,0.4007633587786259,157,262,0.4,39,65,0.23076923076923073,10,13,0.09523809523809523,19,21,0.7619047619047619,20,84
128,256,0.36561264822134387,321,506,0.40458015267175573,156,262,0.4,39,65,0.23076923076923073,10,13,0.09523809523809523,19,21,0.7619047619047619,20,84
129,258,0.3754940711462451,316,506,0.40458015267175573,156,262,0.41538461538461535,38,65,0.23076923076923073,10,13,0.09523809523809523,19,21,0.7619047619047619,20,84
130,260,0.37944664031620556,314,506,0.40458015267175573,156,262,0.4307692307692308,37,65,0.23076923076923073,10,13,0.09523809523809523,19,21,0.7619047619047619,20,84
131,262,0.38537549407114624,311,506,0.40458015267175573,156,262,0.4307692307692308,37,65,0.23076923076923073,10,13,0.09523809523809523,19,21,0.7619047619047619,20,84
132,264,0.38735177865612647,310,506,0.40839694656488545,155,262,0.4307692307692308,37,65,0.23076923076923073,10,13,0.09523809523809523,19,21,0.7738095238095238,19,84
133,266,0.39328063241106714,307,506,0.416030534351145,153,262,0.4461538461538461,36,65,0.23076923076923073,10,13,0.09523809523809523,19,21,0.7738095238095238,19,84
134,268,0.3972332015810277,305,506,0.4274809160305344,150,262,0.4461538461538461,36,65,0.23076923076923073,10,13,0.09523809523809523,19,21,0.7738095238095238,19,84
135,270,0.39920948616600793,304,506,0.4312977099236641,149,262,0.4461538461538461,36,65,0.23076923076923073,10,13,0.09523809523809523,19,21,0.7738095238095238,19,84
136,272,0.39920948616600793,304,506,0.4312977099236641,149,262,0.4461538461538461,36,65,0.23076923076923073,10,13,0.09523809523809523,19,21,0.7738095238095238,19,84
137,274,0.39920948616600793,304,506,0.43511450381679384,148,262,0.4461538461538461,36,65,0.23076923076923073,10,13,0.09523809523809523,19,21,0.7738095238095238,19,84
138,276,0.4031620553359684,302,506,0.4389312977099237,147,262,0.46153846153846156,35,65,0.23076923076923073,10,13,0.09523809523809523,19,21,0.7857142857142857,18,84
139,278,0.4031620553359684,302,506,0.4427480916030534,146,262,0.4769230769230769,34,65,0.23076923076923073,10,13,0.09523809523809523,19,21,0.7857142857142857,18,84
140,280,0.4031620553359684,302,506,0.4541984732824428,143,262,0.4769230769230769,34,65,0.23076923076923073,10,13,0.09523809523809523,19,21,0.8095238095238095,16,84
141,282,0.40909090909090906,299,506,0.46183206106870234,141,262,0.4769230769230769,34,65,0.23076923076923073,10,13,0.09523809523809523,19,21,0.8095238095238095,16,84
142,284,0.41501976284584985,296,506,0.4694656488549618,139,262,0.49230769230769234,33,65,0.23076923076923073,10,13,0.09523809523809523,19,21,0.8095238095238095,16,84
143,286,0.4189723320158103,294,506,0.47709923664122134,137,262,0.5076923076923077,32,65,0.3076923076923077,9,13,0.09523809523809523,19,21,0.8095238095238095,16,84
144,288,0.4209486166007905,293,506,0.48091603053435117,136,262,0.523076923076923,31,65,0.3076923076923077,9,13,0.09523809523809523,19,21,0.8095238095238095,16,84
145,290,0.4209486166007905,293,506,0.4847328244274809,135,262,0.523076923076923,31,65,0.3076923076923077,9,13,0.09523809523809523,19,21,0.8095238095238095,16,84
146,292,0.4209486166007905,293,506,0.49236641221374045,133,262,0.523076923076923,31,65,0.3076923076923077,9,13,0.09523809523809523,19,21,0.8095238095238095,16,84
147,294,0.42292490118577075,292,506,0.4961832061068703,132,262,0.523076923076923,31,65,0.3076923076923077,9,13,0.09523809523809523,19,21,0.8095238095238095,16,84
148,296,0.42292490118577075,292,506,0.5,131,262,0.523076923076923,31,65,0.3076923076923077,9,13,0.09523809523809523,19,21,0.8095238095238095,16,84
149,298,0.4268774703557312,290,506,0.5038167938931297,130,262,0.523076923076923,31,65,0.3076923076923077,9,13,0.09523809523809523,19,21,0.8095238095238095,16,84
150,300,0.432806324110672,287,506,0.5152671755725191,127,262,0.523076923076923,31,65,0.3076923076923077,9,13,0.09523809523809523,19,21,0.8095238095238095,16,84
151,302,0.4347826086956522,286,506,0.5152671755725191,127,262,0.523076923076923,31,65,0.3076923076923077,9,13,0.09523809523809523,19,21,0.8095238095238095,16,84
152,304,0.4407114624505929,283,506,0.5190839694656488,126,262,0.5384615384615384,30,65,0.3076923076923077,9,13,0.09523809523809523,19,21,0.8214285714285714,15,84
153,306,0.44466403162055335,281,506,0.5190839694656488,126,262,0.5538461538461539,29,65,0.3076923076923077,9,13,0.09523809523809523,19,21,0.8214285714285714,15,84
154,308,0.4486166007905138,279,506,0.5229007633587786,125,262,0.5538461538461539,29,65,0.3076923076923077,9,13,0.09523809523809523,19,21,0.8214285714285714,15,84
155,310,0.450592885375494,278,506,0.5229007633587786,125,262,0.5538461538461539,29,65,0.3846153846153846,8,13,0.09523809523809523,19,21,0.8214285714285714,15,84
156,312,0.45256916996047436,277,506,0.5267175572519084,124,262,0.5538461538461539,29,65,0.3846153846153846,8,13,0.1428571428571429,18,21,0.8214285714285714,15,84
157,314,0.4545454545454546,276,506,0.5267175572519084,124,262,0.5538461538461539,29,65,0.3846153846153846,8,13,0.1428571428571429,18,21,0.8214285714285714,15,84
158,316,0.4545454545454546,276,506,0.5267175572519084,124,262,0.5538461538461539,29,65,0.3846153846153846,8,13,0.1428571428571429,18,21,0.8214285714285714,15,84
159,318,0.4545454545454546,276,506,0.5381679389312977,121,262,0.5538461538461539,29,65,0.3846153846153846,8,13,0.1428571428571429,18,21,0.8214285714285714,15,84
160,320,0.46047430830039526,273,506,0.5381679389312977,121,262,0.5538461538461539,29,65,0.3846153846153846,8,13,0.1428571428571429,18,21,0.8214285714285714,15,84
161,322,0.4644268774703557,271,506,0.5381679389312977,121,262,0.5538461538461539,29,65,0.3846153846153846,8,13,0.1428571428571429,18,21,0.8214285714285714,15,84
162,324,0.46640316205533594,270,506,0.5419847328244275,120,262,0.5692307692307692,28,65,0.3846153846153846,8,13,0.1428571428571429,18,21,0.8214285714285714,15,84
163,326,0.4703557312252964,268,506,0.5458015267175573,119,262,0.5692307692307692,28,65,0.3846153846153846,8,13,0.1428571428571429,18,21,0.8214285714285714,15,84
164,328,0.4762845849802372,265,506,0.5458015267175573,119,262,0.5692307692307692,28,65,0.3846153846153846,8,13,0.1428571428571429,18,21,0.8214285714285714,15,84
165,330,0.48023715415019763,263,506,0.5458015267175573,119,262,0.5692307692307692,28,65,0.3846153846153846,8,13,0.1428571428571429,18,21,0.8214285714285714,15,84
166,332,0.48221343873517786,262,506,0.549618320610687,118,262,0.5692307692307692,28,65,0.3846153846153846,8,13,0.1428571428571429,18,21,0.8333333333333334,14,84
167,334,0.48221343873517786,262,506,0.5534351145038168,117,262,0.5692307692307692,28,65,0.3846153846153846,8,13,0.1428571428571429,18,21,0.8333333333333334,14,84
168,336,0.4841897233201581,261,506,0.5572519083969465,116,262,0.5692307692307692,28,65,0.3846153846153846,8,13,0.1428571428571429,18,21,0.8333333333333334,14,84
169,338,0.4861660079051383,260,506,0.5610687022900763,115,262,0.5692307692307692,28,65,0.3846153846153846,8,13,0.1428571428571429,18,21,0.8333333333333334,14,84
170,340,0.48814229249011853,259,506,0.5610687022900763,115,262,0.5692307692307692,28,65,0.3846153846153846,8,13,0.1428571428571429,18,21,0.8452380952380952,13,84
171,342,0.49011857707509876,258,506,0.5648854961832062,114,262,0.5692307692307692,28,65,0.3846153846153846,8,13,0.1428571428571429,18,21,0.8452380952380952,13,84
172,344,0.4920948616600791,257,506,0.5648854961832062,114,262,0.5692307692307692,28,65,0.3846153846153846,8,13,0.1428571428571429,18,21,0.8452380952380952,13,84
173,346,0.4920948616600791,257,506,0.5725190839694656,112,262,0.5692307692307692,28,65,0.3846153846153846,8,13,0.1428571428571429,18,21,0.8452380952380952,13,84
174,348,0.4920948616600791,257,506,0.5725190839694656,112,262,0.5692307692307692,28,65,0.46153846153846156,7,13,0.1428571428571429,18,21,0.8452380952380952,13,84
175,350,0.4920948616600791,257,506,0.5725190839694656,112,262,0.5692307692307692,28,65,0.46153846153846156,7,13,0.1428571428571429,18,21,0.8452380952380952,13,84
176,352,0.4920948616600791,257,506,0.5763358778625954,111,262,0.5692307692307692,28,65,0.46153846153846156,7,13,0.1428571428571429,18,21,0.8452380952380952,13,84
177,354,0.4920948616600791,257,506,0.5801526717557253,110,262,0.5692307692307692,28,65,0.46153846153846156,7,13,0.1428571428571429,18,21,0.8452380952380952,13,84
178,356,0.4920948616600791,257,506,0.5801526717557253,110,262,0.5692307692307692,28,65,0.46153846153846156,7,13,0.1428571428571429,18,21,0.8452380952380952,13,84
179,358,0.4920948616600791,257,506,0.5801526717557253,110,262,0.5692307692307692,28,65,0.46153846153846156,7,13,0.1428571428571429,18,21,0.8452380952380952,13,84
180,360,0.4920948616600791,257,506,0.5801526717557253,110,262,0.5692307692307692,28,65,0.46153846153846156,7,13,0.1428571428571429,18,21,0.8452380952380952,13,84
181,362,0.49604743083003955,255,506,0.5877862595419847,108,262,0.5692307692307692,28,65,0.46153846153846156,7,13,0.1428571428571429,18,21,0.8452380952380952,13,84
182,364,0.4980237154150198,254,506,0.5877862595419847,108,262,0.5846153846153845,27,65,0.46153846153846156,7,13,0.1428571428571429,18,21,0.8452380952380952,13,84
183,366,0.4980237154150198,254,506,0.5877862595419847,108,262,0.5846153846153845,27,65,0.46153846153846156,7,13,0.1428571428571429,18,21,0.8452380952380952,13,84
184,368,0.4980237154150198,254,506,0.5916030534351144,107,262,0.5846153846153845,27,65,0.46153846153846156,7,13,0.1428571428571429,18,21,0.8452380952380952,13,84
185,370,0.4980237154150198,254,506,0.5916030534351144,107,262,0.5846153846153845,27,65,0.46153846153846156,7,13,0.1428571428571429,18,21,0.8452380952380952,13,84
186,372,0.5019762845849802,252,506,0.6030534351145038,104,262,0.5846153846153845,27,65,0.46153846153846156,7,13,0.1428571428571429,18,21,0.8452380952380952,13,84
187,374,0.5019762845849802,252,506,0.6030534351145038,104,262,0.5846153846153845,27,65,0.5384615384615384,6,13,0.1428571428571429,18,21,0.8452380952380952,13,84
188,376,0.5019762845849802,252,506,0.6030534351145038,104,262,0.5846153846153845,27,65,0.5384615384615384,6,13,0.1428571428571429,18,21,0.8452380952380952,13,84
189,378,0.5059288537549407,250,506,0.6030534351145038,104,262,0.5846153846153845,27,65,0.5384615384615384,6,13,0.1428571428571429,18,21,0.8452380952380952,13,84
190,380,0.5079051383399209,249,506,0.6068702290076335,103,262,0.5846153846153845,27,65,0.5384615384615384,6,13,0.1428571428571429,18,21,0.8452380952380952,13,84
191,382,0.5079051383399209,249,506,0.6068702290076335,103,262,0.5846153846153845,27,65,0.5384615384615384,6,13,0.1428571428571429,18,21,0.8571428571428572,12,84
192,384,0.5098814229249011,248,506,0.6145038167938932,101,262,0.5846153846153845,27,65,0.5384615384615384,6,13,0.1428571428571429,18,21,0.8571428571428572,12,84
193,386,0.5118577075098814,247,506,0.6145038167938932,101,262,0.5846153846153845,27,65,0.5384615384615384,6,13,0.1428571428571429,18,21,0.8571428571428572,12,84
194,388,0.5138339920948616,246,506,0.6145038167938932,101,262,0.5846153846153845,27,65,0.5384615384615384,6,13,0.1428571428571429,18,21,0.8571428571428572,12,84
195,390,0.5138339920948616,246,506,0.6145038167938932,101,262,0.5846153846153845,27,65,0.5384615384615384,6,13,0.1428571428571429,18,21,0.8571428571428572,12,84
196,392,0.5158102766798419,245,506,0.6183206106870229,100,262,0.6,26,65,0.5384615384615384,6,13,0.1428571428571429,18,21,0.8571428571428572,12,84
197,394,0.5197628458498024,243,506,0.6183206106870229,100,262,0.6,26,65,0.5384615384615384,6,13,0.1428571428571429,18,21,0.8571428571428572,12,84
198,396,0.5197628458498024,243,506,0.6183206106870229,100,262,0.6,26,65,0.5384615384615384,6,13,0.1428571428571429,18,21,0.8571428571428572,12,84
199,398,0.5197628458498024,243,506,0.6183206106870229,100,262,0.6,26,65,0.5384615384615384,6,13,0.1428571428571429,18,21,0.8571428571428572,12,84
200,400,0.5197628458498024,243,506,0.6183206106870229,100,262,0.6,26,65,0.5384615384615384,6,13,0.1428571428571429,18,21,0.8571428571428572,12,84
201,402,0.5217391304347826,242,506,0.6183206106870229,100,262,0.6,26,65,0.5384615384615384,6,13,0.1428571428571429,18,21,0.8571428571428572,12,84
202,404,0.5217391304347826,242,506,0.6183206106870229,100,262,0.6,26,65,0.5384615384615384,6,13,0.1428571428571429,18,21,0.8571428571428572,12,84
203,406,0.5276679841897234,239,506,0.6183206106870229,100,262,0.6,26,65,0.5384615384615384,6,13,0.1428571428571429,18,21,0.8571428571428572,12,84
204,408,0.5296442687747036,238,506,0.6183206106870229,100,262,0.6,26,65,0.5384615384615384,6,13,0.1428571428571429,18,21,0.8571428571428572,12,84
205,410,0.5316205533596838,237,506,0.6183206106870229,100,262,0.6,26,65,0.5384615384615384,6,13,0.1428571428571429,18,21,0.8571428571428572,12,84
206,412,0.5316205533596838,237,506,0.6183206106870229,100,262,0.6,26,65,0.5384615384615384,6,13,0.1428571428571429,18,21,0.8571428571428572,12,84
207,414,0.5316205533596838,237,506,0.6183206106870229,100,262,0.6,26,65,0.5384615384615384,6,13,0.1428571428571429,18,21,0.8571428571428572,12,84
208,416,0.5316205533596838,237,506,0.6221374045801527,99,262,0.6,26,65,0.5384615384615384,6,13,0.1428571428571429,18,21,0.8571428571428572,12,84
209,418,0.5335968379446641,236,506,0.6221374045801527,99,262,0.6,26,65,0.5384615384615384,6,13,0.1428571428571429,18,21,0.8571428571428572,12,84
210,420,0.5335968379446641,236,506,0.6259541984732824,98,262,0.6,26,65,0.5384615384615384,6,13,0.1428571428571429,18,21,0.8571428571428572,12,84
211,422,0.5355731225296443,235,506,0.6259541984732824,98,262,0.6,26,65,0.5384615384615384,6,13,0.1428571428571429,18,21,0.8571428571428572,12,84
212,424,0.5375494071146245,234,506,0.6297709923664122,97,262,0.6,26,65,0.5384615384615384,6,13,0.1428571428571429,18,21,0.8571428571428572,12,84
213,426,0.541501976284585,232,506,0.6297709923664122,97,262,0.6153846153846154,25,65,0.5384615384615384,6,13,0.1428571428571429,18,21,0.8571428571428572,12,84
214,428,0.5454545454545454,230,506,0.6297709923664122,97,262,0.6153846153846154,25,65,0.5384615384615384,6,13,0.1428571428571429,18,21,0.8571428571428572,12,84
215,430,0.5474308300395256,229,506,0.6297709923664122,97,262,0.6153846153846154,25,65,0.5384615384615384,6,13,0.1428571428571429,18,21,0.8571428571428572,12,84
216,432,0.5494071146245059,228,506,0.6297709923664122,97,262,0.6153846153846154,25,65,0.5384615384615384,6,13,0.1428571428571429,18,21,0.8571428571428572,12,84
217,434,0.5513833992094861,227,506,0.633587786259542,96,262,0.6153846153846154,25,65,0.5384615384615384,6,13,0.1428571428571429,18,21,0.8571428571428572,12,84
218,436,0.5513833992094861,227,506,0.6374045801526718,95,262,0.6153846153846154,25,65,0.5384615384615384,6,13,0.1428571428571429,18,21,0.8571428571428572,12,84
219,438,0.5513833992094861,227,506,0.6374045801526718,95,262,0.6153846153846154,25,65,0.5384615384615384,6,13,0.1428571428571429,18,21,0.8571428571428572,12,84
220,440,0.5513833992094861,227,506,0.6374045801526718,95,262,0.6153846153846154,25,65,0.5384615384615384,6,13,0.1428571428571429,18,21,0.8571428571428572,12,84
221,442,0.5513833992094861,227,506,0.6374045801526718,95,262,0.6153846153846154,25,65,0.5384615384615384,6,13,0.1428571428571429,18,21,0.8571428571428572,12,84
222,444,0.5513833992094861,227,506,0.6374045801526718,95,262,0.6153846153846154,25,65,0.5384615384615384,6,13,0.1428571428571429,18,21,0.8571428571428572,12,84
223,446,0.5513833992094861,227,506,0.6374045801526718,95,262,0.6153846153846154,25,65,0.5384615384615384,6,13,0.1428571428571429,18,21,0.8571428571428572,12,84
224,448,0.5513833992094861,227,506,0.6412213740458015,94,262,0.6153846153846154,25,65,0.5384615384615384,6,13,0.1428571428571429,18,21,0.8571428571428572,12,84
225,450,0.5513833992094861,227,506,0.6488549618320612,92,262,0.6153846153846154,25,65,0.5384615384615384,6,13,0.1428571428571429,18,21,0.8571428571428572,12,84
226,452,0.5513833992094861,227,506,0.6488549618320612,92,262,0.6153846153846154,25,65,0.5384615384615384,6,13,0.1428571428571429,18,21,0.8571428571428572,12,84
227,454,0.5513833992094861,227,506,0.6488549618320612,92,262,0.6153846153846154,25,65,0.5384615384615384,6,13,0.1428571428571429,18,21,0.8571428571428572,12,84
228,456,0.5513833992094861,227,506,0.6488549618320612,92,262,0.6153846153846154,25,65,0.5384615384615384,6,13,0.1428571428571429,18,21,0.8571428571428572,12,84
229,458,0.5513833992094861,227,506,0.6488549618320612,92,262,0.6153846153846154,25,65,0.5384615384615384,6,13,0.1428571428571429,18,21,0.8571428571428572,12,84
230,460,0.5513833992094861,227,506,0.6488549618320612,92,262,0.6153846153846154,25,65,0.5384615384615384,6,13,0.1428571428571429,18,21,0.8571428571428572,12,84
231,462,0.5533596837944664,226,506,0.6488549618320612,92,262,0.6153846153846154,25,65,0.5384615384615384,6,13,0.1428571428571429,18,21,0.8571428571428572,12,84
232,464,0.5533596837944664,226,506,0.6488549618320612,92,262,0.6307692307692307,24,65,0.5384615384615384,6,13,0.1428571428571429,18,21,0.8571428571428572,12,84
233,466,0.5553359683794467,225,506,0.6488549618320612,92,262,0.6307692307692307,24,65,0.5384615384615384,6,13,0.1428571428571429,18,21,0.8571428571428572,12,84
234,468,0.5553359683794467,225,506,0.6526717557251909,91,262,0.6307692307692307,24,65,0.5384615384615384,6,13,0.1428571428571429,18,21,0.8571428571428572,12,84
235,470,0.5573122529644269,224,506,0.6526717557251909,91,262,0.6307692307692307,24,65,0.5384615384615384,6,13,0.1428571428571429,18,21,0.8571428571428572,12,84
236,472,0.5573122529644269,224,506,0.6526717557251909,91,262,0.6307692307692307,24,65,0.5384615384615384,6,13,0.1428571428571429,18,21,0.8571428571428572,12,84
237,474,0.5592885375494071,223,506,0.6564885496183206,90,262,0.6307692307692307,24,65,0.5384615384615384,6,13,0.1428571428571429,18,21,0.8571428571428572,12,84
238,476,0.5612648221343873,222,506,0.6564885496183206,90,262,0.6307692307692307,24,65,0.5384615384615384,6,13,0.1428571428571429,18,21,0.8690476190476191,11,84
239,478,0.5632411067193677,221,506,0.6564885496183206,90,262,0.6307692307692307,24,65,0.5384615384615384,6,13,0.19047619047619047,17,21,0.8690476190476191,11,84
