Frame,Class_0,Class_0_total,Class_0_pos,Class_1,Class_1_total,Class_1_pos,Class_2,Class_2_total,Class_2_pos,Class_3,Class_3_total,Class_3_pos,Class_4,Class_4_total,Class_4_pos,Class_5,Class_5_total,Class_5_pos,FrameIndex
0,0.0,131,131,0.0,65,65,0.0,14,14,0.0,2,2,0.0,6,6,0.0,20,20,0
2,0.0,131,131,0.0,65,65,0.0,14,14,0.0,2,2,0.0,6,6,0.0,20,20,1
4,0.0,131,131,0.0,65,65,0.0,14,14,0.0,2,2,0.0,6,6,0.0,20,20,2
6,0.0,131,131,0.0,65,65,0.0,14,14,0.0,2,2,0.0,6,6,0.0,20,20,3
8,0.0,131,131,0.0,65,65,0.0,14,14,0.0,2,2,0.0,6,6,0.0,20,20,4
10,0.0,131,131,0.0,65,65,0.0,14,14,0.0,2,2,0.0,6,6,0.0,20,20,5
12,0.0,131,131,0.0,65,65,0.0,14,14,0.0,2,2,0.0,6,6,0.0,20,20,6
14,0.0,131,131,0.0,65,65,0.0,14,14,0.0,2,2,0.0,6,6,0.0,20,20,7
16,0.0,131,131,0.0,65,65,0.0,14,14,0.0,2,2,0.0,6,6,0.05,20,19,8
18,0.0,131,131,0.0,65,65,0.0,14,14,0.0,2,2,0.0,6,6,0.05,20,19,9
20,0.0,131,131,0.0,65,65,0.0,14,14,0.0,2,2,0.0,6,6,0.05,20,19,10
22,0.0,131,131,0.0,65,65,0.0,14,14,0.0,2,2,0.0,6,6,0.05,20,19,11
24,0.0,131,131,0.0,65,65,0.0,14,14,0.0,2,2,0.0,6,6,0.05,20,19,12
26,0.0,131,131,0.0,65,65,0.0714,14,13,0.0,2,2,0.0,6,6,0.05,20,19,13
28,0.0,131,131,0.0,65,65,0.0714,14,13,0.0,2,2,0.0,6,6,0.05,20,19,14
30,0.0,131,131,0.0,65,65,0.0714,14,13,0.0,2,2,0.0,6,6,0.05,20,19,15
32,0.0,131,131,0.0,65,65,0.0714,14,13,0.0,2,2,0.0,6,6,0.05,20,19,16
34,0.0,131,131,0.0,65,65,0.0714,14,13,0.0,2,2,0.0,6,6,0.05,20,19,17
36,0.0,131,131,0.0,65,65,0.0714,14,13,0.0,2,2,0.0,6,6,0.05,20,19,18
38,0.0,131,131,0.0,65,65,0.0714,14,13,0.0,2,2,0.0,6,6,0.05,20,19,19
40,0.0,131,131,0.0,65,65,0.0714,14,13,0.0,2,2,0.0,6,6,0.05,20,19,20
42,0.0,131,131,0.0,65,65,0.0714,14,13,0.0,2,2,0.0,6,6,0.05,20,19,21
44,0.0,131,131,0.0,65,65,0.0714,14,13,0.0,2,2,0.0,6,6,0.05,20,19,22
46,0.0,131,131,0.0,65,65,0.0714,14,13,0.0,2,2,0.0,6,6,0.05,20,19,23
48,0.0,131,131,0.0,65,65,0.0714,14,13,0.0,2,2,0.0,6,6,0.05,20,19,24
50,0.0,131,131,0.0,65,65,0.0714,14,13,0.0,2,2,0.0,6,6,0.05,20,19,25
52,0.0,131,131,0.0,65,65,0.0714,14,13,0.0,2,2,0.0,6,6,0.05,20,19,26
54,0.0,131,131,0.0,65,65,0.0714,14,13,0.0,2,2,0.0,6,6,0.05,20,19,27
56,0.0,131,131,0.0,65,65,0.0714,14,13,0.0,2,2,0.0,6,6,0.05,20,19,28
58,0.0,131,131,0.0,65,65,0.0714,14,13,0.0,2,2,0.0,6,6,0.1,20,18,29
60,0.0,131,131,0.0,65,65,0.0714,14,13,0.0,2,2,0.0,6,6,0.1,20,18,30
62,0.0,131,131,0.0,65,65,0.0714,14,13,0.0,2,2,0.0,6,6,0.1,20,18,31
64,0.0,131,131,0.0,65,65,0.0714,14,13,0.0,2,2,0.0,6,6,0.1,20,18,32
66,0.0,131,131,0.0,65,65,0.0714,14,13,0.0,2,2,0.0,6,6,0.1,20,18,33
68,0.0,131,131,0.0,65,65,0.0714,14,13,0.0,2,2,0.0,6,6,0.1,20,18,34
70,0.0,131,131,0.0,65,65,0.0714,14,13,0.0,2,2,0.0,6,6,0.1,20,18,35
72,0.0,131,131,0.0,65,65,0.0714,14,13,0.0,2,2,0.0,6,6,0.1,20,18,36
74,0.0,131,131,0.0,65,65,0.0714,14,13,0.0,2,2,0.0,6,6,0.1,20,18,37
76,0.0,131,131,0.0,65,65,0.0714,14,13,0.0,2,2,0.0,6,6,0.1,20,18,38
78,0.0,131,131,0.0,65,65,0.0714,14,13,0.0,2,2,0.0,6,6,0.1,20,18,39
80,0.0,131,131,0.0,65,65,0.0714,14,13,0.0,2,2,0.0,6,6,0.1,20,18,40
82,0.0076,131,130,0.0,65,65,0.0714,14,13,0.0,2,2,0.0,6,6,0.2,20,16,41
84,0.0076,131,130,0.0,65,65,0.0714,14,13,0.0,2,2,0.0,6,6,0.25,20,15,42
86,0.0076,131,130,0.0,65,65,0.0714,14,13,0.0,2,2,0.0,6,6,0.3,20,14,43
88,0.0076,131,130,0.0,65,65,0.0714,14,13,0.0,2,2,0.0,6,6,0.3,20,14,44
90,0.0076,131,130,0.0,65,65,0.0714,14,13,0.0,2,2,0.0,6,6,0.3,20,14,45
92,0.0076,131,130,0.0,65,65,0.0714,14,13,0.0,2,2,0.0,6,6,0.3,20,14,46
94,0.0076,131,130,0.0,65,65,0.0714,14,13,0.0,2,2,0.0,6,6,0.3,20,14,47
96,0.0153,131,129,0.0,65,65,0.0714,14,13,0.0,2,2,0.0,6,6,0.35,20,13,48
98,0.0229,131,128,0.0,65,65,0.0714,14,13,0.0,2,2,0.0,6,6,0.35,20,13,49
100,0.0229,131,128,0.0,65,65,0.0714,14,13,0.0,2,2,0.0,6,6,0.35,20,13,50
102,0.0305,131,127,0.0,65,65,0.0714,14,13,0.0,2,2,0.0,6,6,0.35,20,13,51
104,0.0458,131,125,0.0,65,65,0.1429,14,12,0.0,2,2,0.0,6,6,0.35,20,13,52
106,0.0458,131,125,0.0,65,65,0.1429,14,12,0.0,2,2,0.0,6,6,0.35,20,13,53
108,0.0534,131,124,0.0,65,65,0.1429,14,12,0.0,2,2,0.0,6,6,0.35,20,13,54
110,0.0534,131,124,0.0,65,65,0.1429,14,12,0.0,2,2,0.0,6,6,0.4,20,12,55
112,0.0611,131,123,0.0,65,65,0.1429,14,12,0.0,2,2,0.0,6,6,0.45,20,11,56
114,0.0611,131,123,0.0,65,65,0.1429,14,12,0.0,2,2,0.0,6,6,0.45,20,11,57
116,0.0611,131,123,0.0,65,65,0.1429,14,12,0.0,2,2,0.0,6,6,0.45,20,11,58
118,0.0611,131,123,0.0,65,65,0.1429,14,12,0.0,2,2,0.0,6,6,0.45,20,11,59
120,0.0611,131,123,0.0,65,65,0.1429,14,12,0.0,2,2,0.0,6,6,0.45,20,11,60
122,0.0687,131,122,0.0,65,65,0.1429,14,12,0.0,2,2,0.0,6,6,0.45,20,11,61
124,0.0763,131,121,0.0,65,65,0.1429,14,12,0.0,2,2,0.0,6,6,0.55,20,9,62
126,0.0763,131,121,0.0154,65,64,0.1429,14,12,0.0,2,2,0.0,6,6,0.55,20,9,63
128,0.0763,131,121,0.0154,65,64,0.1429,14,12,0.0,2,2,0.0,6,6,0.55,20,9,64
130,0.0763,131,121,0.0154,65,64,0.1429,14,12,0.0,2,2,0.0,6,6,0.55,20,9,65
132,0.0763,131,121,0.0154,65,64,0.1429,14,12,0.0,2,2,0.0,6,6,0.55,20,9,66
134,0.0763,131,121,0.0308,65,63,0.1429,14,12,0.0,2,2,0.0,6,6,0.55,20,9,67
136,0.0763,131,121,0.0462,65,62,0.1429,14,12,0.0,2,2,0.0,6,6,0.55,20,9,68
138,0.0916,131,119,0.0615,65,61,0.1429,14,12,0.0,2,2,0.0,6,6,0.55,20,9,69
140,0.0992,131,118,0.0615,65,61,0.1429,14,12,0.0,2,2,0.0,6,6,0.55,20,9,70
142,0.0992,131,118,0.0615,65,61,0.1429,14,12,0.0,2,2,0.0,6,6,0.6,20,8,71
144,0.0992,131,118,0.0615,65,61,0.1429,14,12,0.0,2,2,0.0,6,6,0.6,20,8,72
146,0.0992,131,118,0.0615,65,61,0.1429,14,12,0.0,2,2,0.0,6,6,0.6,20,8,73
148,0.0992,131,118,0.0615,65,61,0.1429,14,12,0.0,2,2,0.0,6,6,0.6,20,8,74
150,0.1069,131,117,0.0769,65,60,0.1429,14,12,0.0,2,2,0.0,6,6,0.6,20,8,75
152,0.1221,131,115,0.0769,65,60,0.1429,14,12,0.0,2,2,0.0,6,6,0.65,20,7,76
154,0.1298,131,114,0.0923,65,59,0.1429,14,12,0.0,2,2,0.0,6,6,0.65,20,7,77
156,0.1298,131,114,0.0923,65,59,0.1429,14,12,0.0,2,2,0.0,6,6,0.65,20,7,78
158,0.1374,131,113,0.1077,65,58,0.2143,14,11,0.0,2,2,0.0,6,6,0.65,20,7,79
160,0.1374,131,113,0.1231,65,57,0.2143,14,11,0.0,2,2,0.0,6,6,0.65,20,7,80
162,0.1374,131,113,0.1231,65,57,0.2143,14,11,0.0,2,2,0.0,6,6,0.65,20,7,81
164,0.1374,131,113,0.1231,65,57,0.2857,14,10,0.0,2,2,0.0,6,6,0.65,20,7,82
166,0.1374,131,113,0.1385,65,56,0.2857,14,10,0.0,2,2,0.0,6,6,0.65,20,7,83
168,0.145,131,112,0.1385,65,56,0.2857,14,10,0.0,2,2,0.0,6,6,0.65,20,7,84
170,0.145,131,112,0.1385,65,56,0.3571,14,9,0.0,2,2,0.1667,6,5,0.65,20,7,85
172,0.1527,131,111,0.1385,65,56,0.4286,14,8,0.0,2,2,0.1667,6,5,0.7,20,6,86
174,0.1679,131,109,0.1538,65,55,0.4286,14,8,0.0,2,2,0.1667,6,5,0.7,20,6,87
176,0.1679,131,109,0.1692,65,54,0.4286,14,8,0.0,2,2,0.1667,6,5,0.7,20,6,88
178,0.1756,131,108,0.1692,65,54,0.4286,14,8,0.0,2,2,0.1667,6,5,0.7,20,6,89
180,0.1756,131,108,0.1692,65,54,0.4286,14,8,0.0,2,2,0.3333,6,4,0.7,20,6,90
182,0.1756,131,108,0.1846,65,53,0.4286,14,8,0.0,2,2,0.3333,6,4,0.7,20,6,91
184,0.1832,131,107,0.2154,65,51,0.4286,14,8,0.0,2,2,0.3333,6,4,0.7,20,6,92
186,0.1985,131,105,0.2154,65,51,0.4286,14,8,0.0,2,2,0.3333,6,4,0.7,20,6,93
188,0.1985,131,105,0.2154,65,51,0.4286,14,8,0.0,2,2,0.3333,6,4,0.7,20,6,94
190,0.2137,131,103,0.2154,65,51,0.4286,14,8,0.0,2,2,0.3333,6,4,0.7,20,6,95
192,0.2137,131,103,0.2154,65,51,0.4286,14,8,0.0,2,2,0.3333,6,4,0.7,20,6,96
194,0.229,131,101,0.2462,65,49,0.5,14,7,0.0,2,2,0.3333,6,4,0.7,20,6,97
196,0.229,131,101,0.2462,65,49,0.5,14,7,0.0,2,2,0.3333,6,4,0.7,20,6,98
198,0.229,131,101,0.2769,65,47,0.5,14,7,0.0,2,2,0.3333,6,4,0.7,20,6,99
200,0.229,131,101,0.2769,65,47,0.5,14,7,0.0,2,2,0.3333,6,4,0.7,20,6,100
202,0.2443,131,99,0.2923,65,46,0.5,14,7,0.0,2,2,0.3333,6,4,0.7,20,6,101
204,0.2443,131,99,0.2923,65,46,0.5,14,7,0.0,2,2,0.3333,6,4,0.7,20,6,102
206,0.2443,131,99,0.2923,65,46,0.5,14,7,0.0,2,2,0.3333,6,4,0.7,20,6,103
208,0.2443,131,99,0.2923,65,46,0.5,14,7,0.0,2,2,0.3333,6,4,0.7,20,6,104
210,0.2519,131,98,0.2923,65,46,0.5,14,7,0.0,2,2,0.3333,6,4,0.7,20,6,105
212,0.2595,131,97,0.2923,65,46,0.5,14,7,0.0,2,2,0.3333,6,4,0.7,20,6,106
214,0.2672,131,96,0.2923,65,46,0.5,14,7,0.0,2,2,0.3333,6,4,0.7,20,6,107
216,0.2748,131,95,0.2923,65,46,0.5,14,7,0.0,2,2,0.3333,6,4,0.7,20,6,108
218,0.2748,131,95,0.2923,65,46,0.5,14,7,0.0,2,2,0.3333,6,4,0.7,20,6,109
220,0.2824,131,94,0.2923,65,46,0.5,14,7,0.0,2,2,0.3333,6,4,0.7,20,6,110
222,0.2901,131,93,0.3385,65,43,0.5,14,7,0.0,2,2,0.3333,6,4,0.7,20,6,111
224,0.2977,131,92,0.3385,65,43,0.5,14,7,0.0,2,2,0.3333,6,4,0.7,20,6,112
226,0.313,131,90,0.3538,65,42,0.5,14,7,0.0,2,2,0.3333,6,4,0.7,20,6,113
228,0.313,131,90,0.3538,65,42,0.5714,14,6,0.0,2,2,0.3333,6,4,0.7,20,6,114
230,0.3206,131,89,0.3538,65,42,0.5714,14,6,0.0,2,2,0.3333,6,4,0.75,20,5,115
232,0.3206,131,89,0.3538,65,42,0.5714,14,6,0.0,2,2,0.3333,6,4,0.75,20,5,116
234,0.3282,131,88,0.3538,65,42,0.5714,14,6,0.0,2,2,0.3333,6,4,0.75,20,5,117
236,0.3282,131,88,0.3538,65,42,0.5714,14,6,0.0,2,2,0.3333,6,4,0.75,20,5,118
238,0.3282,131,88,0.3692,65,41,0.5714,14,6,0.0,2,2,0.3333,6,4,0.75,20,5,119
240,0.3435,131,86,0.3692,65,41,0.5714,14,6,0.0,2,2,0.3333,6,4,0.75,20,5,120
242,0.3511,131,85,0.3692,65,41,0.5714,14,6,0.0,2,2,0.3333,6,4,0.75,20,5,121
244,0.3588,131,84,0.3692,65,41,0.5714,14,6,0.0,2,2,0.3333,6,4,0.75,20,5,122
246,0.3588,131,84,0.3692,65,41,0.6429,14,5,0.0,2,2,0.3333,6,4,0.75,20,5,123
248,0.3664,131,83,0.3692,65,41,0.6429,14,5,0.0,2,2,0.3333,6,4,0.75,20,5,124
250,0.3664,131,83,0.3692,65,41,0.6429,14,5,0.0,2,2,0.3333,6,4,0.75,20,5,125
252,0.374,131,82,0.3846,65,40,0.6429,14,5,0.0,2,2,0.3333,6,4,0.8,20,4,126
254,0.374,131,82,0.3846,65,40,0.6429,14,5,0.0,2,2,0.3333,6,4,0.8,20,4,127
256,0.374,131,82,0.3846,65,40,0.6429,14,5,0.0,2,2,0.3333,6,4,0.8,20,4,128
258,0.3969,131,79,0.3846,65,40,0.6429,14,5,0.0,2,2,0.3333,6,4,0.8,20,4,129
260,0.3969,131,79,0.3846,65,40,0.6429,14,5,0.0,2,2,0.3333,6,4,0.8,20,4,130
262,0.4046,131,78,0.3846,65,40,0.6429,14,5,0.0,2,2,0.3333,6,4,0.8,20,4,131
264,0.4046,131,78,0.3846,65,40,0.6429,14,5,0.0,2,2,0.3333,6,4,0.8,20,4,132
266,0.4122,131,77,0.3846,65,40,0.7143,14,4,0.0,2,2,0.3333,6,4,0.8,20,4,133
268,0.4122,131,77,0.3846,65,40,0.7143,14,4,0.0,2,2,0.3333,6,4,0.8,20,4,134
270,0.4122,131,77,0.3846,65,40,0.7143,14,4,0.0,2,2,0.3333,6,4,0.8,20,4,135
272,0.4122,131,77,0.3846,65,40,0.7143,14,4,0.0,2,2,0.3333,6,4,0.8,20,4,136
274,0.4122,131,77,0.3846,65,40,0.7143,14,4,0.0,2,2,0.3333,6,4,0.8,20,4,137
276,0.4275,131,75,0.3846,65,40,0.7143,14,4,0.0,2,2,0.3333,6,4,0.8,20,4,138
278,0.4275,131,75,0.3846,65,40,0.7143,14,4,0.0,2,2,0.3333,6,4,0.8,20,4,139
280,0.4275,131,75,0.4,65,39,0.7143,14,4,0.0,2,2,0.3333,6,4,0.8,20,4,140
282,0.4351,131,74,0.4,65,39,0.7143,14,4,0.0,2,2,0.3333,6,4,0.8,20,4,141
284,0.4504,131,72,0.4,65,39,0.7143,14,4,0.0,2,2,0.3333,6,4,0.8,20,4,142
286,0.4504,131,72,0.4154,65,38,0.7143,14,4,0.0,2,2,0.3333,6,4,0.8,20,4,143
288,0.458,131,71,0.4154,65,38,0.7143,14,4,0.0,2,2,0.3333,6,4,0.8,20,4,144
290,0.458,131,71,0.4308,65,37,0.7143,14,4,0.0,2,2,0.3333,6,4,0.8,20,4,145
292,0.458,131,71,0.4308,65,37,0.7143,14,4,0.0,2,2,0.3333,6,4,0.8,20,4,146
294,0.458,131,71,0.4308,65,37,0.7143,14,4,0.0,2,2,0.3333,6,4,0.8,20,4,147
296,0.458,131,71,0.4308,65,37,0.7143,14,4,0.0,2,2,0.3333,6,4,0.8,20,4,148
298,0.4656,131,70,0.4308,65,37,0.7143,14,4,0.0,2,2,0.3333,6,4,0.8,20,4,149
300,0.4656,131,70,0.4308,65,37,0.7143,14,4,0.0,2,2,0.3333,6,4,0.8,20,4,150
302,0.4656,131,70,0.4308,65,37,0.7143,14,4,0.0,2,2,0.3333,6,4,0.8,20,4,151
304,0.4809,131,68,0.4462,65,36,0.7857,14,3,0.0,2,2,0.3333,6,4,0.8,20,4,152
306,0.4962,131,66,0.4462,65,36,0.7857,14,3,0.0,2,2,0.3333,6,4,0.8,20,4,153
308,0.5038,131,65,0.4615,65,35,0.7857,14,3,0.0,2,2,0.3333,6,4,0.8,20,4,154
310,0.5038,131,65,0.4615,65,35,0.7857,14,3,0.0,2,2,0.3333,6,4,0.8,20,4,155
312,0.5115,131,64,0.4615,65,35,0.7857,14,3,0.0,2,2,0.3333,6,4,0.8,20,4,156
314,0.5115,131,64,0.4615,65,35,0.7857,14,3,0.0,2,2,0.3333,6,4,0.8,20,4,157
316,0.5115,131,64,0.4615,65,35,0.7857,14,3,0.0,2,2,0.3333,6,4,0.8,20,4,158
318,0.5115,131,64,0.4769,65,34,0.7857,14,3,0.0,2,2,0.3333,6,4,0.8,20,4,159
320,0.5115,131,64,0.4769,65,34,0.7857,14,3,0.0,2,2,0.3333,6,4,0.8,20,4,160
322,0.5115,131,64,0.4769,65,34,0.7857,14,3,0.0,2,2,0.3333,6,4,0.8,20,4,161
324,0.5115,131,64,0.4923,65,33,0.7857,14,3,0.0,2,2,0.3333,6,4,0.8,20,4,162
326,0.5191,131,63,0.4923,65,33,0.7857,14,3,0.0,2,2,0.3333,6,4,0.8,20,4,163
328,0.5344,131,61,0.4923,65,33,0.7857,14,3,0.0,2,2,0.3333,6,4,0.8,20,4,164
330,0.542,131,60,0.4923,65,33,0.7857,14,3,0.0,2,2,0.3333,6,4,0.8,20,4,165
332,0.542,131,60,0.4923,65,33,0.7857,14,3,0.0,2,2,0.3333,6,4,0.85,20,3,166
334,0.542,131,60,0.4923,65,33,0.7857,14,3,0.0,2,2,0.3333,6,4,0.85,20,3,167
336,0.542,131,60,0.4923,65,33,0.7857,14,3,0.0,2,2,0.3333,6,4,0.85,20,3,168
338,0.542,131,60,0.5077,65,32,0.7857,14,3,0.0,2,2,0.3333,6,4,0.85,20,3,169
340,0.542,131,60,0.5077,65,32,0.7857,14,3,0.0,2,2,0.3333,6,4,0.85,20,3,170
342,0.542,131,60,0.5077,65,32,0.7857,14,3,0.0,2,2,0.3333,6,4,0.85,20,3,171
344,0.542,131,60,0.5077,65,32,0.7857,14,3,0.0,2,2,0.3333,6,4,0.85,20,3,172
346,0.542,131,60,0.5077,65,32,0.7857,14,3,0.0,2,2,0.3333,6,4,0.85,20,3,173
348,0.542,131,60,0.5077,65,32,0.7857,14,3,0.0,2,2,0.3333,6,4,0.85,20,3,174
350,0.542,131,60,0.5077,65,32,0.7857,14,3,0.0,2,2,0.3333,6,4,0.85,20,3,175
352,0.542,131,60,0.5077,65,32,0.7857,14,3,0.0,2,2,0.3333,6,4,0.85,20,3,176
354,0.542,131,60,0.5077,65,32,0.7857,14,3,0.0,2,2,0.3333,6,4,0.85,20,3,177
356,0.542,131,60,0.5077,65,32,0.7857,14,3,0.0,2,2,0.3333,6,4,0.85,20,3,178
358,0.542,131,60,0.5077,65,32,0.7857,14,3,0.0,2,2,0.3333,6,4,0.85,20,3,179
360,0.542,131,60,0.5077,65,32,0.7857,14,3,0.0,2,2,0.3333,6,4,0.85,20,3,180
362,0.542,131,60,0.5077,65,32,0.7857,14,3,0.0,2,2,0.3333,6,4,0.85,20,3,181
364,0.542,131,60,0.5077,65,32,0.7857,14,3,0.0,2,2,0.3333,6,4,0.85,20,3,182
366,0.542,131,60,0.5077,65,32,0.7857,14,3,0.0,2,2,0.3333,6,4,0.85,20,3,183
368,0.542,131,60,0.5077,65,32,0.7857,14,3,0.0,2,2,0.3333,6,4,0.85,20,3,184
370,0.542,131,60,0.5077,65,32,0.7857,14,3,0.0,2,2,0.3333,6,4,0.85,20,3,185
372,0.5496,131,59,0.5231,65,31,0.7857,14,3,0.0,2,2,0.3333,6,4,0.85,20,3,186
374,0.5496,131,59,0.5231,65,31,0.7857,14,3,0.0,2,2,0.3333,6,4,0.85,20,3,187
376,0.5496,131,59,0.5231,65,31,0.7857,14,3,0.0,2,2,0.3333,6,4,0.85,20,3,188
378,0.5496,131,59,0.5231,65,31,0.7857,14,3,0.0,2,2,0.3333,6,4,0.85,20,3,189
380,0.5573,131,58,0.5231,65,31,0.7857,14,3,0.0,2,2,0.3333,6,4,0.85,20,3,190
382,0.5573,131,58,0.5231,65,31,0.7857,14,3,0.0,2,2,0.3333,6,4,0.9,20,2,191
384,0.5649,131,57,0.5538,65,29,0.7857,14,3,0.0,2,2,0.3333,6,4,0.9,20,2,192
386,0.5649,131,57,0.5538,65,29,0.7857,14,3,0.0,2,2,0.3333,6,4,0.9,20,2,193
388,0.5649,131,57,0.5538,65,29,0.7857,14,3,0.0,2,2,0.3333,6,4,0.9,20,2,194
390,0.5649,131,57,0.5538,65,29,0.7857,14,3,0.0,2,2,0.3333,6,4,0.9,20,2,195
392,0.5649,131,57,0.5538,65,29,0.7857,14,3,0.0,2,2,0.3333,6,4,0.9,20,2,196
394,0.5649,131,57,0.5538,65,29,0.7857,14,3,0.0,2,2,0.3333,6,4,0.9,20,2,197
396,0.5649,131,57,0.5538,65,29,0.7857,14,3,0.0,2,2,0.3333,6,4,0.9,20,2,198
398,0.5649,131,57,0.5538,65,29,0.7857,14,3,0.0,2,2,0.3333,6,4,0.9,20,2,199
400,0.5649,131,57,0.5538,65,29,0.7857,14,3,0.0,2,2,0.3333,6,4,0.9,20,2,200
402,0.5649,131,57,0.5538,65,29,0.7857,14,3,0.0,2,2,0.3333,6,4,0.9,20,2,201
404,0.5649,131,57,0.5538,65,29,0.7857,14,3,0.0,2,2,0.3333,6,4,0.9,20,2,202
406,0.5802,131,55,0.5538,65,29,0.7857,14,3,0.0,2,2,0.3333,6,4,0.9,20,2,203
408,0.5802,131,55,0.5538,65,29,0.7857,14,3,0.0,2,2,0.3333,6,4,0.9,20,2,204
410,0.5802,131,55,0.5538,65,29,0.7857,14,3,0.0,2,2,0.3333,6,4,0.9,20,2,205
412,0.5802,131,55,0.5538,65,29,0.7857,14,3,0.0,2,2,0.3333,6,4,0.9,20,2,206
414,0.5802,131,55,0.5538,65,29,0.7857,14,3,0.0,2,2,0.3333,6,4,0.9,20,2,207
416,0.5802,131,55,0.5538,65,29,0.7857,14,3,0.0,2,2,0.3333,6,4,0.9,20,2,208
418,0.5802,131,55,0.5538,65,29,0.7857,14,3,0.0,2,2,0.3333,6,4,0.9,20,2,209
420,0.5802,131,55,0.5538,65,29,0.7857,14,3,0.0,2,2,0.3333,6,4,0.9,20,2,210
422,0.5802,131,55,0.5538,65,29,0.7857,14,3,0.0,2,2,0.3333,6,4,0.9,20,2,211
424,0.5802,131,55,0.5692,65,28,0.7857,14,3,0.0,2,2,0.3333,6,4,0.9,20,2,212
426,0.5878,131,54,0.5692,65,28,0.7857,14,3,0.0,2,2,0.3333,6,4,0.9,20,2,213
428,0.5878,131,54,0.5692,65,28,0.7857,14,3,0.0,2,2,0.3333,6,4,0.9,20,2,214
430,0.5878,131,54,0.5692,65,28,0.7857,14,3,0.0,2,2,0.3333,6,4,0.9,20,2,215
432,0.5878,131,54,0.5692,65,28,0.7857,14,3,0.0,2,2,0.3333,6,4,0.9,20,2,216
434,0.5878,131,54,0.5692,65,28,0.7857,14,3,0.0,2,2,0.3333,6,4,0.9,20,2,217
436,0.5878,131,54,0.5692,65,28,0.7857,14,3,0.0,2,2,0.3333,6,4,0.9,20,2,218
438,0.5878,131,54,0.5692,65,28,0.7857,14,3,0.0,2,2,0.3333,6,4,0.9,20,2,219
440,0.5878,131,54,0.5692,65,28,0.7857,14,3,0.0,2,2,0.3333,6,4,0.9,20,2,220
442,0.5878,131,54,0.5692,65,28,0.7857,14,3,0.0,2,2,0.3333,6,4,0.9,20,2,221
444,0.5878,131,54,0.5692,65,28,0.7857,14,3,0.0,2,2,0.3333,6,4,0.9,20,2,222
446,0.5878,131,54,0.5692,65,28,0.7857,14,3,0.0,2,2,0.3333,6,4,0.9,20,2,223
448,0.5878,131,54,0.5692,65,28,0.7857,14,3,0.0,2,2,0.3333,6,4,0.9,20,2,224
450,0.5878,131,54,0.5692,65,28,0.7857,14,3,0.0,2,2,0.3333,6,4,0.9,20,2,225
452,0.5878,131,54,0.5692,65,28,0.7857,14,3,0.0,2,2,0.3333,6,4,0.9,20,2,226
454,0.5878,131,54,0.5692,65,28,0.7857,14,3,0.0,2,2,0.3333,6,4,0.9,20,2,227
456,0.5878,131,54,0.5692,65,28,0.7857,14,3,0.0,2,2,0.3333,6,4,0.9,20,2,228
458,0.5878,131,54,0.5692,65,28,0.7857,14,3,0.0,2,2,0.3333,6,4,0.9,20,2,229
460,0.5878,131,54,0.5692,65,28,0.7857,14,3,0.0,2,2,0.3333,6,4,0.9,20,2,230
462,0.5878,131,54,0.5692,65,28,0.7857,14,3,0.0,2,2,0.3333,6,4,0.9,20,2,231
464,0.5878,131,54,0.5692,65,28,0.7857,14,3,0.0,2,2,0.3333,6,4,0.9,20,2,232
466,0.5878,131,54,0.5692,65,28,0.7857,14,3,0.0,2,2,0.3333,6,4,0.9,20,2,233
468,0.5878,131,54,0.5692,65,28,0.7857,14,3,0.0,2,2,0.3333,6,4,0.9,20,2,234
470,0.5878,131,54,0.5692,65,28,0.7857,14,3,0.0,2,2,0.3333,6,4,0.9,20,2,235
472,0.5878,131,54,0.5692,65,28,0.7857,14,3,0.0,2,2,0.3333,6,4,0.9,20,2,236
474,0.5878,131,54,0.5692,65,28,0.7857,14,3,0.0,2,2,0.3333,6,4,0.9,20,2,237
476,0.5878,131,54,0.5692,65,28,0.7857,14,3,0.0,2,2,0.3333,6,4,0.9,20,2,238
478,0.5954,131,53,0.5692,65,28,0.7857,14,3,0.0,2,2,0.3333,6,4,0.9,20,2,239
