Time_sec,Semi_sickled_fraction_percent,Final_sickled_fraction_percent,Total_sickled_fraction_percent
0.0,0.0,0.0,0.0
0.25,0.0,0.0,0.0
0.5,0.0,0.0,0.0
0.75,0.0,0.0,0.0
1.0,0.0,0.0,0.0
1.25,0.0,0.0,0.0
1.5,0.0,0.0,0.0
1.75,0.0,0.0,0.0
2.0,0.0,0.0,0.0
2.25,0.0,0.0,0.0
2.5,0.0,0.0,0.0
2.75,0.0,0.0,0.0
3.0,0.0,0.0,0.0
3.25,0.0,0.0,0.0
3.5,0.0,0.0,0.0
3.75,0.0,0.0,0.0
4.0,0.0,0.0,0.0
4.25,0.0,0.0,0.0
4.5,0.0,0.0,0.0
4.75,0.0,0.0,0.0
5.0,0.0,0.0,0.0
5.25,0.0,0.0,0.0
5.5,0.0,0.0,0.0
5.75,0.0,0.0,0.0
6.0,0.0,0.0,0.0
6.25,0.0,0.0,0.0
6.5,0.0,0.0,0.0
6.75,0.0,0.0,0.0
7.0,0.0,0.0,0.0
7.25,0.0,0.0,0.0
7.5,0.0,0.0,0.0
7.75,0.0,0.0,0.0
8.0,0.0,0.0,0.0
8.25,0.0,0.0,0.0
8.5,0.0,0.0,0.0
8.75,0.0,0.0,0.0
9.0,0.0,0.0,0.0
9.25,0.0,0.0,0.0
9.5,0.0,0.0,0.0
9.75,0.0,0.0,0.0
10.0,0.0,0.0,0.0
10.25,0.0,0.0,0.0
10.5,0.0,0.0,0.0
10.75,0.0,0.0,0.0
11.0,0.0,0.0,0.0
11.25,0.0,0.0,0.0
11.5,0.0,0.0,0.0
11.75,0.0,0.0,0.0
12.0,0.0,0.0,0.0
12.25,0.0,0.0,0.0
12.5,0.0,0.0,0.0
12.75,0.0,0.0,0.0
13.0,0.0,0.0,0.0
13.25,0.0,0.0,0.0
13.5,0.0,0.0,0.0
13.75,0.0,0.42016806722689076,0.42016806722689076
14.0,0.0,0.42016806722689076,0.42016806722689076
14.25,0.0,0.42016806722689076,0.42016806722689076
14.5,0.0,0.42016806722689076,0.42016806722689076
14.75,0.0,0.42016806722689076,0.42016806722689076
15.0,0.0,0.42016806722689076,0.42016806722689076
15.25,0.0,0.42016806722689076,0.42016806722689076
15.5,0.0,0.42016806722689076,0.42016806722689076
15.75,0.0,0.42016806722689076,0.42016806722689076
16.0,0.0,0.42016806722689076,0.42016806722689076
16.25,0.0,0.42016806722689076,0.42016806722689076
16.5,0.0,0.42016806722689076,0.42016806722689076
16.75,0.0,0.42016806722689076,0.42016806722689076
17.0,0.0,0.42016806722689076,0.42016806722689076
17.25,0.0,0.42016806722689076,0.42016806722689076
17.5,0.0,0.42016806722689076,0.42016806722689076
17.75,0.0,0.42016806722689076,0.42016806722689076
18.0,0.0,0.42016806722689076,0.42016806722689076
18.25,0.0,0.42016806722689076,0.42016806722689076
18.5,0.0,0.42016806722689076,0.42016806722689076
18.75,0.0,0.42016806722689076,0.42016806722689076
19.0,0.0,0.42016806722689076,0.42016806722689076
19.25,0.0,0.42016806722689076,0.42016806722689076
19.5,0.0,0.42016806722689076,0.42016806722689076
19.75,0.0,0.42016806722689076,0.42016806722689076
20.0,0.0,0.42016806722689076,0.42016806722689076
20.25,0.0,0.8403361344537815,0.8403361344537815
20.5,0.0,0.8403361344537815,0.8403361344537815
20.75,0.0,0.8403361344537815,0.8403361344537815
21.0,0.0,0.8403361344537815,0.8403361344537815
21.25,0.0,0.8403361344537815,0.8403361344537815
21.5,0.0,1.2605042016806722,1.2605042016806722
21.75,0.0,1.2605042016806722,1.2605042016806722
22.0,0.0,1.2605042016806722,1.2605042016806722
22.25,0.0,1.2605042016806722,1.2605042016806722
22.5,0.0,1.2605042016806722,1.2605042016806722
22.75,0.0,1.2605042016806722,1.2605042016806722
23.0,0.0,1.2605042016806722,1.2605042016806722
23.25,0.0,1.680672268907563,1.680672268907563
23.5,0.0,2.100840336134454,2.100840336134454
23.75,0.0,2.100840336134454,2.100840336134454
24.0,0.0,2.100840336134454,2.100840336134454
24.25,0.0,2.100840336134454,2.100840336134454
24.5,0.0,2.5210084033613445,2.5210084033613445
24.75,0.0,2.941176470588235,2.941176470588235
25.0,0.0,3.7815126050420167,3.7815126050420167
25.25,0.0,3.7815126050420167,3.7815126050420167
25.5,0.0,3.7815126050420167,3.7815126050420167
25.75,0.0,4.201680672268908,4.201680672268908
26.0,0.0,5.042016806722689,5.042016806722689
26.25,0.0,5.042016806722689,5.042016806722689
26.5,0.0,5.042016806722689,5.042016806722689
26.75,0.0,5.88235294117647,5.88235294117647
27.0,0.0,5.88235294117647,5.88235294117647
27.25,0.42016806722689076,5.88235294117647,6.302521008403361
27.5,0.42016806722689076,5.88235294117647,6.302521008403361
27.75,0.42016806722689076,5.88235294117647,6.302521008403361
28.0,0.42016806722689076,6.302521008403361,6.722689075630252
28.25,0.42016806722689076,6.302521008403361,6.722689075630252
28.5,0.42016806722689076,6.722689075630252,7.142857142857142
28.75,0.42016806722689076,6.722689075630252,7.142857142857142
29.0,0.42016806722689076,6.722689075630252,7.142857142857142
29.25,0.42016806722689076,7.142857142857142,7.563025210084033
29.5,0.42016806722689076,7.142857142857142,7.563025210084033
29.75,0.42016806722689076,7.142857142857142,7.563025210084033
30.0,0.42016806722689076,7.142857142857142,7.563025210084033
30.25,0.8403361344537815,7.563025210084033,8.403361344537815
30.5,0.8403361344537815,7.563025210084033,8.403361344537815
30.75,0.8403361344537815,7.563025210084033,8.403361344537815
31.0,0.8403361344537815,7.563025210084033,8.403361344537815
31.25,0.8403361344537815,7.9831932773109235,8.823529411764707
31.5,0.8403361344537815,7.9831932773109235,8.823529411764707
31.75,0.8403361344537815,7.9831932773109235,8.823529411764707
32.0,0.8403361344537815,7.9831932773109235,8.823529411764707
32.25,0.8403361344537815,7.9831932773109235,8.823529411764707
32.5,0.8403361344537815,7.9831932773109235,8.823529411764707
32.75,0.8403361344537815,8.403361344537815,9.243697478991598
33.0,0.8403361344537815,8.823529411764707,9.663865546218489
33.25,0.8403361344537815,9.243697478991598,10.084033613445378
33.5,0.8403361344537815,9.243697478991598,10.084033613445378
33.75,0.8403361344537815,9.663865546218489,10.504201680672269
34.0,0.8403361344537815,10.084033613445378,10.92436974789916
34.25,0.8403361344537815,10.084033613445378,10.92436974789916
34.5,0.8403361344537815,10.92436974789916,11.76470588235294
34.75,0.8403361344537815,10.92436974789916,11.76470588235294
35.0,0.8403361344537815,10.92436974789916,11.76470588235294
35.25,0.8403361344537815,10.92436974789916,11.76470588235294
35.5,0.8403361344537815,10.92436974789916,11.76470588235294
35.75,0.8403361344537815,11.76470588235294,12.605042016806722
36.0,0.8403361344537815,11.76470588235294,12.605042016806722
36.25,0.8403361344537815,12.184873949579831,13.025210084033615
36.5,0.8403361344537815,12.184873949579831,13.025210084033615
36.75,0.8403361344537815,12.184873949579831,13.025210084033615
37.0,0.8403361344537815,12.184873949579831,13.025210084033615
37.25,0.8403361344537815,13.025210084033615,13.865546218487395
37.5,0.8403361344537815,13.445378151260504,14.285714285714285
37.75,1.2605042016806722,13.865546218487395,15.126050420168067
38.0,1.2605042016806722,14.285714285714285,15.546218487394958
38.25,1.2605042016806722,14.705882352941178,15.966386554621847
38.5,1.2605042016806722,14.705882352941178,15.966386554621847
38.75,1.2605042016806722,15.546218487394958,16.80672268907563
39.0,1.680672268907563,16.386554621848738,18.067226890756302
39.25,1.680672268907563,16.386554621848738,18.067226890756302
39.5,1.680672268907563,16.386554621848738,18.067226890756302
39.75,1.680672268907563,16.386554621848738,18.067226890756302
40.0,1.680672268907563,16.386554621848738,18.067226890756302
40.25,1.680672268907563,16.386554621848738,18.067226890756302
40.5,1.680672268907563,16.386554621848738,18.067226890756302
40.75,1.680672268907563,16.386554621848738,18.067226890756302
41.0,1.680672268907563,16.386554621848738,18.067226890756302
41.25,1.680672268907563,17.22689075630252,18.907563025210084
41.5,1.680672268907563,17.22689075630252,18.907563025210084
41.75,1.680672268907563,17.22689075630252,18.907563025210084
42.0,1.680672268907563,17.647058823529413,19.327731092436977
42.25,1.680672268907563,17.647058823529413,19.327731092436977
42.5,2.100840336134454,17.647058823529413,19.747899159663866
42.75,2.100840336134454,17.647058823529413,19.747899159663866
43.0,2.100840336134454,18.907563025210084,21.008403361344538
43.25,2.100840336134454,18.907563025210084,21.008403361344538
43.5,2.5210084033613445,19.327731092436977,21.84873949579832
43.75,2.941176470588235,19.327731092436977,22.268907563025213
44.0,2.941176470588235,19.327731092436977,22.268907563025213
44.25,2.941176470588235,19.747899159663866,22.689075630252102
44.5,2.941176470588235,19.747899159663866,22.689075630252102
44.75,2.941176470588235,19.747899159663866,22.689075630252102
45.0,3.361344537815126,20.168067226890756,23.52941176470588
45.25,3.361344537815126,20.168067226890756,23.52941176470588
45.5,3.361344537815126,20.588235294117645,23.949579831932773
45.75,4.201680672268908,20.588235294117645,24.789915966386555
46.0,4.621848739495799,20.588235294117645,25.210084033613445
46.25,5.042016806722689,20.588235294117645,25.630252100840334
46.5,5.46218487394958,20.588235294117645,26.05042016806723
46.75,5.46218487394958,20.588235294117645,26.05042016806723
47.0,6.302521008403361,20.588235294117645,26.89075630252101
47.25,6.302521008403361,20.588235294117645,26.89075630252101
47.5,6.302521008403361,21.008403361344538,27.310924369747898
47.75,6.302521008403361,21.008403361344538,27.310924369747898
48.0,6.302521008403361,21.008403361344538,27.310924369747898
48.25,6.302521008403361,21.84873949579832,28.15126050420168
48.5,6.722689075630252,22.268907563025213,28.991596638655466
48.75,6.722689075630252,22.689075630252102,29.411764705882355
49.0,6.722689075630252,22.689075630252102,29.411764705882355
49.25,6.722689075630252,22.689075630252102,29.411764705882355
49.5,6.722689075630252,22.689075630252102,29.411764705882355
49.75,6.722689075630252,23.10924369747899,29.831932773109244
50.0,7.142857142857142,23.10924369747899,30.252100840336134
50.25,7.142857142857142,23.10924369747899,30.252100840336134
50.5,7.142857142857142,23.10924369747899,30.252100840336134
50.75,7.563025210084033,23.10924369747899,30.672268907563026
51.0,7.563025210084033,23.10924369747899,30.672268907563026
51.25,7.563025210084033,23.10924369747899,30.672268907563026
51.5,7.563025210084033,23.10924369747899,30.672268907563026
51.75,7.563025210084033,23.10924369747899,30.672268907563026
52.0,7.563025210084033,23.10924369747899,30.672268907563026
52.25,8.403361344537815,23.10924369747899,31.512605042016805
52.5,8.403361344537815,23.10924369747899,31.512605042016805
52.75,8.403361344537815,23.52941176470588,31.932773109243694
53.0,8.403361344537815,23.52941176470588,31.932773109243694
53.25,8.403361344537815,23.949579831932773,32.35294117647059
53.5,8.823529411764707,23.949579831932773,32.773109243697476
53.75,9.243697478991598,24.369747899159663,33.61344537815126
54.0,9.663865546218489,24.369747899159663,34.03361344537815
54.25,9.663865546218489,24.369747899159663,34.03361344537815
54.5,10.084033613445378,24.789915966386555,34.87394957983193
54.75,10.504201680672269,24.789915966386555,35.294117647058826
55.0,10.504201680672269,24.789915966386555,35.294117647058826
55.25,10.504201680672269,24.789915966386555,35.294117647058826
55.5,10.504201680672269,25.630252100840334,36.134453781512605
55.75,11.344537815126051,25.630252100840334,36.97478991596639
56.0,11.344537815126051,26.05042016806723,37.39495798319328
56.25,11.76470588235294,26.05042016806723,37.81512605042017
56.5,11.76470588235294,26.05042016806723,37.81512605042017
56.75,11.76470588235294,26.05042016806723,37.81512605042017
57.0,12.184873949579831,26.47058823529412,38.655462184873954
57.25,12.184873949579831,26.47058823529412,38.655462184873954
57.5,12.184873949579831,26.47058823529412,38.655462184873954
57.75,12.184873949579831,26.47058823529412,38.655462184873954
58.0,12.184873949579831,26.47058823529412,38.655462184873954
58.25,12.605042016806722,26.47058823529412,39.075630252100844
58.5,13.025210084033615,26.47058823529412,39.49579831932773
58.75,13.025210084033615,26.47058823529412,39.49579831932773
59.0,13.445378151260504,26.47058823529412,39.91596638655462
59.25,13.445378151260504,26.89075630252101,40.33613445378151
59.5,13.445378151260504,26.89075630252101,40.33613445378151
59.75,13.445378151260504,27.73109243697479,41.17647058823529
60.0,13.865546218487395,27.73109243697479,41.596638655462186
60.25,13.865546218487395,27.73109243697479,41.596638655462186
60.5,13.865546218487395,28.15126050420168,42.016806722689076
60.75,13.865546218487395,28.15126050420168,42.016806722689076
61.0,13.865546218487395,28.15126050420168,42.016806722689076
61.25,13.865546218487395,28.15126050420168,42.016806722689076
61.5,14.285714285714285,28.15126050420168,42.436974789915965
61.75,14.285714285714285,28.15126050420168,42.436974789915965
62.0,14.705882352941178,28.15126050420168,42.857142857142854
62.25,14.705882352941178,28.15126050420168,42.857142857142854
62.5,14.705882352941178,28.15126050420168,42.857142857142854
62.75,15.126050420168067,28.15126050420168,43.27731092436975
63.0,15.546218487394958,28.15126050420168,43.69747899159664
63.25,15.546218487394958,28.15126050420168,43.69747899159664
63.5,15.546218487394958,28.15126050420168,43.69747899159664
63.75,15.966386554621847,28.15126050420168,44.11764705882353
64.0,16.386554621848738,28.57142857142857,44.957983193277315
64.25,16.386554621848738,28.57142857142857,44.957983193277315
64.5,16.386554621848738,28.57142857142857,44.957983193277315
64.75,16.80672268907563,28.57142857142857,45.378151260504204
65.0,16.80672268907563,28.57142857142857,45.378151260504204
65.25,16.80672268907563,28.57142857142857,45.378151260504204
65.5,16.80672268907563,28.57142857142857,45.378151260504204
65.75,16.80672268907563,28.57142857142857,45.378151260504204
66.0,16.80672268907563,28.57142857142857,45.378151260504204
66.25,16.80672268907563,28.57142857142857,45.378151260504204
66.5,16.80672268907563,28.991596638655466,45.79831932773109
66.75,16.80672268907563,28.991596638655466,45.79831932773109
67.0,16.80672268907563,28.991596638655466,45.79831932773109
67.25,16.80672268907563,29.411764705882355,46.21848739495798
67.5,16.80672268907563,29.411764705882355,46.21848739495798
67.75,16.80672268907563,29.411764705882355,46.21848739495798
68.0,17.22689075630252,29.831932773109244,47.05882352941176
68.25,17.22689075630252,29.831932773109244,47.05882352941176
68.5,17.22689075630252,29.831932773109244,47.05882352941176
68.75,17.22689075630252,29.831932773109244,47.05882352941176
69.0,17.22689075630252,29.831932773109244,47.05882352941176
69.25,17.22689075630252,29.831932773109244,47.05882352941176
69.5,17.22689075630252,29.831932773109244,47.05882352941176
69.75,17.22689075630252,29.831932773109244,47.05882352941176
70.0,17.22689075630252,30.252100840336134,47.47899159663865
70.25,17.22689075630252,30.252100840336134,47.47899159663865
70.5,17.22689075630252,30.252100840336134,47.47899159663865
70.75,17.647058823529413,30.252100840336134,47.89915966386555
71.0,17.647058823529413,30.672268907563026,48.319327731092436
71.25,18.067226890756302,30.672268907563026,48.739495798319325
71.5,18.067226890756302,30.672268907563026,48.739495798319325
71.75,18.067226890756302,31.092436974789916,49.159663865546214
72.0,18.487394957983195,31.092436974789916,49.57983193277311
72.25,18.487394957983195,31.512605042016805,50.0
72.5,18.487394957983195,31.512605042016805,50.0
72.75,18.487394957983195,31.512605042016805,50.0
73.0,18.487394957983195,31.512605042016805,50.0
73.25,18.487394957983195,31.512605042016805,50.0
73.5,18.487394957983195,31.512605042016805,50.0
73.75,18.487394957983195,31.512605042016805,50.0
74.0,18.907563025210084,31.512605042016805,50.42016806722689
74.25,18.907563025210084,31.512605042016805,50.42016806722689
74.5,18.907563025210084,31.512605042016805,50.42016806722689
74.75,18.907563025210084,31.512605042016805,50.42016806722689
75.0,19.747899159663866,31.512605042016805,51.26050420168067
75.25,20.168067226890756,31.512605042016805,51.68067226890757
75.5,20.168067226890756,31.512605042016805,51.68067226890757
75.75,20.588235294117645,31.512605042016805,52.10084033613446
76.0,20.588235294117645,31.512605042016805,52.10084033613446
76.25,20.588235294117645,31.512605042016805,52.10084033613446
76.5,21.008403361344538,31.512605042016805,52.52100840336135
76.75,21.008403361344538,31.932773109243694,52.94117647058824
77.0,21.008403361344538,32.35294117647059,53.36134453781513
77.25,21.008403361344538,32.35294117647059,53.36134453781513
77.5,21.008403361344538,32.35294117647059,53.36134453781513
77.75,21.008403361344538,32.35294117647059,53.36134453781513
78.0,21.008403361344538,32.35294117647059,53.36134453781513
78.25,21.008403361344538,32.35294117647059,53.36134453781513
78.5,21.008403361344538,32.35294117647059,53.36134453781513
78.75,21.008403361344538,32.35294117647059,53.36134453781513
79.0,21.008403361344538,32.35294117647059,53.36134453781513
79.25,21.428571428571427,32.35294117647059,53.78151260504202
79.5,21.84873949579832,32.35294117647059,54.20168067226891
79.75,21.84873949579832,32.35294117647059,54.20168067226891
80.0,22.268907563025213,32.35294117647059,54.621848739495796
80.25,22.268907563025213,32.35294117647059,54.621848739495796
80.5,22.268907563025213,32.35294117647059,54.621848739495796
80.75,22.689075630252102,32.35294117647059,55.04201680672269
81.0,23.10924369747899,32.35294117647059,55.46218487394958
81.25,23.52941176470588,32.35294117647059,55.88235294117647
81.5,23.52941176470588,32.35294117647059,55.88235294117647
81.75,23.52941176470588,32.35294117647059,55.88235294117647
82.0,23.52941176470588,32.35294117647059,55.88235294117647
82.25,23.52941176470588,32.35294117647059,55.88235294117647
82.5,23.52941176470588,32.35294117647059,55.88235294117647
82.75,23.52941176470588,32.35294117647059,55.88235294117647
83.0,23.52941176470588,32.35294117647059,55.88235294117647
83.25,23.52941176470588,32.35294117647059,55.88235294117647
83.5,23.949579831932773,32.35294117647059,56.30252100840336
83.75,23.949579831932773,32.35294117647059,56.30252100840336
84.0,23.949579831932773,32.35294117647059,56.30252100840336
84.25,23.949579831932773,32.35294117647059,56.30252100840336
84.5,23.949579831932773,32.35294117647059,56.30252100840336
84.75,23.949579831932773,32.35294117647059,56.30252100840336
85.0,23.949579831932773,32.35294117647059,56.30252100840336
85.25,23.949579831932773,32.35294117647059,56.30252100840336
85.5,23.949579831932773,32.35294117647059,56.30252100840336
85.75,23.949579831932773,32.35294117647059,56.30252100840336
86.0,23.949579831932773,32.35294117647059,56.30252100840336
86.25,23.949579831932773,32.35294117647059,56.30252100840336
86.5,23.949579831932773,32.35294117647059,56.30252100840336
86.75,23.949579831932773,32.35294117647059,56.30252100840336
87.0,23.949579831932773,32.35294117647059,56.30252100840336
87.25,23.949579831932773,32.35294117647059,56.30252100840336
87.5,23.949579831932773,32.35294117647059,56.30252100840336
87.75,23.949579831932773,32.35294117647059,56.30252100840336
88.0,23.949579831932773,32.35294117647059,56.30252100840336
88.25,23.949579831932773,32.35294117647059,56.30252100840336
88.5,23.949579831932773,32.35294117647059,56.30252100840336
88.75,23.949579831932773,32.35294117647059,56.30252100840336
89.0,23.949579831932773,32.35294117647059,56.30252100840336
89.25,23.949579831932773,32.35294117647059,56.30252100840336
89.5,23.949579831932773,32.35294117647059,56.30252100840336
89.75,23.949579831932773,32.35294117647059,56.30252100840336
90.0,23.949579831932773,32.35294117647059,56.30252100840336
90.25,23.949579831932773,32.35294117647059,56.30252100840336
90.5,23.949579831932773,32.35294117647059,56.30252100840336
90.75,23.949579831932773,32.35294117647059,56.30252100840336
91.0,23.949579831932773,32.35294117647059,56.30252100840336
91.25,23.949579831932773,32.35294117647059,56.30252100840336
91.5,23.949579831932773,32.35294117647059,56.30252100840336
91.75,23.949579831932773,32.35294117647059,56.30252100840336
92.0,23.949579831932773,32.35294117647059,56.30252100840336
92.25,23.949579831932773,32.35294117647059,56.30252100840336
92.5,24.789915966386555,32.35294117647059,57.14285714285714
92.75,24.789915966386555,32.35294117647059,57.14285714285714
93.0,24.789915966386555,32.35294117647059,57.14285714285714
93.25,24.789915966386555,32.35294117647059,57.14285714285714
93.5,25.210084033613445,32.35294117647059,57.56302521008403
93.75,25.210084033613445,32.35294117647059,57.56302521008403
94.0,25.630252100840334,32.35294117647059,57.98319327731093
94.25,25.630252100840334,32.35294117647059,57.98319327731093
94.5,25.630252100840334,32.35294117647059,57.98319327731093
94.75,25.630252100840334,32.35294117647059,57.98319327731093
95.0,25.630252100840334,32.35294117647059,57.98319327731093
95.25,25.630252100840334,32.35294117647059,57.98319327731093
95.5,26.05042016806723,32.35294117647059,58.40336134453782
95.75,26.05042016806723,32.35294117647059,58.40336134453782
96.0,26.05042016806723,32.35294117647059,58.40336134453782
96.25,26.05042016806723,32.35294117647059,58.40336134453782
96.5,26.47058823529412,32.35294117647059,58.82352941176471
96.75,26.47058823529412,32.773109243697476,59.2436974789916
97.0,26.47058823529412,32.773109243697476,59.2436974789916
97.25,26.47058823529412,32.773109243697476,59.2436974789916
97.5,26.47058823529412,32.773109243697476,59.2436974789916
97.75,26.47058823529412,32.773109243697476,59.2436974789916
98.0,26.47058823529412,32.773109243697476,59.2436974789916
98.25,26.47058823529412,32.773109243697476,59.2436974789916
98.5,26.47058823529412,32.773109243697476,59.2436974789916
98.75,26.47058823529412,32.773109243697476,59.2436974789916
99.0,26.47058823529412,32.773109243697476,59.2436974789916
99.25,26.47058823529412,32.773109243697476,59.2436974789916
99.5,26.47058823529412,32.773109243697476,59.2436974789916
99.75,26.89075630252101,32.773109243697476,59.66386554621849
100.0,26.89075630252101,32.773109243697476,59.66386554621849
100.25,26.89075630252101,32.773109243697476,59.66386554621849
100.5,26.89075630252101,32.773109243697476,59.66386554621849
100.75,26.89075630252101,32.773109243697476,59.66386554621849
101.0,26.89075630252101,32.773109243697476,59.66386554621849
101.25,27.310924369747898,32.773109243697476,60.08403361344538
101.5,27.310924369747898,32.773109243697476,60.08403361344538
101.75,27.310924369747898,32.773109243697476,60.08403361344538
102.0,27.310924369747898,32.773109243697476,60.08403361344538
102.25,27.310924369747898,32.773109243697476,60.08403361344538
102.5,27.310924369747898,32.773109243697476,60.08403361344538
102.75,27.310924369747898,32.773109243697476,60.08403361344538
103.0,27.310924369747898,32.773109243697476,60.08403361344538
103.25,27.310924369747898,32.773109243697476,60.08403361344538
103.5,27.310924369747898,32.773109243697476,60.08403361344538
103.75,27.310924369747898,32.773109243697476,60.08403361344538
104.0,27.310924369747898,32.773109243697476,60.08403361344538
104.25,27.310924369747898,32.773109243697476,60.08403361344538
104.5,27.310924369747898,32.773109243697476,60.08403361344538
104.75,27.310924369747898,32.773109243697476,60.08403361344538
105.0,27.310924369747898,32.773109243697476,60.08403361344538
105.25,27.310924369747898,32.773109243697476,60.08403361344538
105.5,27.73109243697479,32.773109243697476,60.50420168067227
105.75,28.15126050420168,32.773109243697476,60.924369747899156
106.0,28.15126050420168,32.773109243697476,60.924369747899156
106.25,28.15126050420168,32.773109243697476,60.924369747899156
106.5,28.15126050420168,32.773109243697476,60.924369747899156
106.75,28.15126050420168,32.773109243697476,60.924369747899156
107.0,28.15126050420168,32.773109243697476,60.924369747899156
107.25,28.15126050420168,32.773109243697476,60.924369747899156
107.5,28.15126050420168,32.773109243697476,60.924369747899156
107.75,28.15126050420168,32.773109243697476,60.924369747899156
108.0,28.15126050420168,32.773109243697476,60.924369747899156
108.25,28.15126050420168,32.773109243697476,60.924369747899156
108.5,28.15126050420168,32.773109243697476,60.924369747899156
108.75,28.15126050420168,32.773109243697476,60.924369747899156
109.0,28.15126050420168,32.773109243697476,60.924369747899156
109.25,28.15126050420168,32.773109243697476,60.924369747899156
109.5,28.15126050420168,32.773109243697476,60.924369747899156
109.75,28.15126050420168,32.773109243697476,60.924369747899156
110.0,28.15126050420168,32.773109243697476,60.924369747899156
110.25,28.15126050420168,32.773109243697476,60.924369747899156
110.5,28.15126050420168,32.773109243697476,60.924369747899156
110.75,28.15126050420168,32.773109243697476,60.924369747899156
111.0,28.15126050420168,32.773109243697476,60.924369747899156
111.25,28.15126050420168,32.773109243697476,60.924369747899156
111.5,28.15126050420168,32.773109243697476,60.924369747899156
111.75,28.15126050420168,32.773109243697476,60.924369747899156
112.0,28.15126050420168,32.773109243697476,60.924369747899156
112.25,28.15126050420168,32.773109243697476,60.924369747899156
112.5,28.15126050420168,32.773109243697476,60.924369747899156
112.75,28.15126050420168,32.773109243697476,60.924369747899156
113.0,28.15126050420168,32.773109243697476,60.924369747899156
113.25,28.15126050420168,32.773109243697476,60.924369747899156
113.5,28.15126050420168,32.773109243697476,60.924369747899156
113.75,28.15126050420168,32.773109243697476,60.924369747899156
114.0,28.15126050420168,32.773109243697476,60.924369747899156
114.25,28.15126050420168,32.773109243697476,60.924369747899156
114.5,28.15126050420168,32.773109243697476,60.924369747899156
114.75,28.15126050420168,32.773109243697476,60.924369747899156
115.0,28.15126050420168,32.773109243697476,60.924369747899156
115.25,28.15126050420168,32.773109243697476,60.924369747899156
115.5,28.15126050420168,32.773109243697476,60.924369747899156
115.75,28.15126050420168,32.773109243697476,60.924369747899156
116.0,28.15126050420168,32.773109243697476,60.924369747899156
116.25,28.15126050420168,32.773109243697476,60.924369747899156
116.5,28.15126050420168,32.773109243697476,60.924369747899156
116.75,28.15126050420168,32.773109243697476,60.924369747899156
117.0,28.15126050420168,32.773109243697476,60.924369747899156
117.25,28.15126050420168,32.773109243697476,60.924369747899156
117.5,28.15126050420168,32.773109243697476,60.924369747899156
117.75,28.15126050420168,32.773109243697476,60.924369747899156
118.0,28.15126050420168,32.773109243697476,60.924369747899156
118.25,28.57142857142857,33.193277310924366,61.76470588235294
118.5,28.57142857142857,33.193277310924366,61.76470588235294
118.75,28.57142857142857,33.193277310924366,61.76470588235294
119.0,28.57142857142857,33.193277310924366,61.76470588235294
119.25,28.57142857142857,33.193277310924366,61.76470588235294
119.5,28.57142857142857,33.61344537815126,62.18487394957983
119.75,28.57142857142857,33.61344537815126,62.18487394957983
